study_id,target_task_count,denominator_families,manifest_status,expected_packet,packet_present_in_workspace,preanalysis_action
S002,15,primary_latent_or_construct_correlation_with_source_type_flag,packet_rendered_private,S002_source_packet_20260609.txt,yes,ready_for_require_source_packet_run
S003,10,primary_direct_r_or_source_reported_correlation,packet_rendered_private,S003_source_packet_20260609.txt,yes,ready_for_require_source_packet_run
S004,21,primary_latent_or_construct_correlation_with_source_type_flag,packet_rendered_private,S004_source_packet_20260609.txt,yes,ready_for_require_source_packet_run
S005,6,primary_latent_or_construct_correlation_with_source_type_flag,packet_rendered_private,S005_source_packet_20260609.txt,yes,ready_for_require_source_packet_run
S006,15,primary_direct_r_or_source_reported_correlation,packet_rendered_private,S006_source_packet_20260609.txt,yes,ready_for_require_source_packet_run
S007,10,secondary_beta_or_path_converted_effect_size,packet_rendered_private,S007_source_packet_20260609.txt,yes,ready_for_require_source_packet_run
S008,15,primary_direct_r_or_source_reported_correlation,packet_rendered_private,S008_source_packet_20260609.txt,yes,ready_for_require_source_packet_run
S009,9,secondary_beta_or_path_converted_effect_size,packet_rendered_private,S009_source_packet_20260609.txt,yes,ready_for_require_source_packet_run
S010,6,secondary_beta_or_path_converted_effect_size,packet_rendered_private,S010_source_packet_20260609.txt,yes,ready_for_require_source_packet_run
S011,3,secondary_beta_or_path_converted_effect_size,packet_rendered_private,S011_source_packet_20260609.txt,yes,ready_for_require_source_packet_run
S012,10,primary_direct_r_or_source_reported_correlation,packet_rendered_private,S012_source_packet_20260609.txt,yes,ready_for_require_source_packet_run
S013,15,primary_direct_r_or_source_reported_correlation,packet_rendered_private,S013_source_packet_20260609.txt,yes,ready_for_require_source_packet_run
S015,30,primary_latent_or_construct_correlation_with_source_type_flag,packet_rendered_private,S015_source_packet_20260609.txt,yes,ready_for_require_source_packet_run
S016,21,primary_direct_r_or_source_reported_correlation,packet_rendered_private,S016_source_packet_20260609.txt,yes,ready_for_require_source_packet_run
S017,6,primary_latent_or_construct_correlation_with_source_type_flag,packet_rendered_private,S017_source_packet_20260609.txt,yes,ready_for_require_source_packet_run
S018,10,primary_latent_or_construct_correlation_with_source_type_flag,packet_rendered_private,S018_source_packet_20260609.txt,yes,ready_for_require_source_packet_run
S019,3,primary_latent_or_construct_correlation_with_source_type_flag,packet_rendered_private,S019_source_packet_20260609.txt,yes,ready_for_require_source_packet_run
S020,10,primary_latent_or_construct_correlation_with_source_type_flag,packet_rendered_private,S020_source_packet_20260609.txt,yes,ready_for_require_source_packet_run
S021,12,secondary_beta_or_path_converted_effect_size,packet_rendered_private,S021_source_packet_20260609.txt,yes,ready_for_require_source_packet_run
S022,3,primary_direct_r_or_source_reported_correlation,packet_rendered_private,S022_source_packet_20260609.txt,yes,ready_for_require_source_packet_run
S024,9,secondary_beta_or_path_converted_effect_size,packet_rendered_private,S024_source_packet_20260609.txt,yes,ready_for_require_source_packet_run
S025,21,primary_latent_or_construct_correlation_with_source_type_flag,packet_rendered_private,S025_source_packet_20260609.txt,yes,ready_for_require_source_packet_run
S026,15,primary_latent_or_construct_correlation_with_source_type_flag,packet_rendered_private,S026_source_packet_20260609.txt,yes,ready_for_require_source_packet_run
S027,10,primary_latent_or_construct_correlation_with_source_type_flag,packet_rendered_private,S027_source_packet_20260609.txt,yes,ready_for_require_source_packet_run
S029,10,primary_direct_r_or_source_reported_correlation,packet_rendered_private,S029_source_packet_20260609.txt,yes,ready_for_require_source_packet_run
S030,21,primary_latent_or_construct_correlation_with_source_type_flag,packet_rendered_private,S030_source_packet_20260609.txt,yes,ready_for_require_source_packet_run
S031,6,primary_latent_or_construct_correlation_with_source_type_flag,packet_rendered_private,S031_source_packet_20260609.txt,yes,ready_for_require_source_packet_run
S032,15,primary_latent_or_construct_correlation_with_source_type_flag,packet_rendered_private,S032_source_packet_20260609.txt,yes,ready_for_require_source_packet_run
S033,6,secondary_beta_or_path_converted_effect_size,packet_rendered_private,S033_source_packet_20260609.txt,yes,ready_for_require_source_packet_run
S034,3,primary_latent_or_construct_correlation_with_source_type_flag,packet_rendered_private,S034_source_packet_20260609.txt,yes,ready_for_require_source_packet_run
S035,21,primary_direct_r_or_source_reported_correlation,packet_rendered_private,S035_source_packet_20260609.txt,yes,ready_for_require_source_packet_run
S036,21,primary_direct_r_or_source_reported_correlation,packet_rendered_private,S036_source_packet_20260609.txt,yes,ready_for_require_source_packet_run
S037,10,primary_direct_r_or_source_reported_correlation,packet_rendered_private,S037_source_packet_20260609.txt,yes,ready_for_require_source_packet_run
S038,6,secondary_beta_or_path_converted_effect_size,packet_rendered_private,S038_source_packet_20260609.txt,yes,ready_for_require_source_packet_run
S040,6,primary_direct_r_or_source_reported_correlation,packet_rendered_private,S040_source_packet_20260609.txt,yes,ready_for_require_source_packet_run
S042,6,secondary_beta_or_path_converted_effect_size,packet_rendered_private,S042_source_packet_20260609.txt,yes,ready_for_require_source_packet_run
S043,6,primary_latent_or_construct_correlation_with_source_type_flag,packet_rendered_private,S043_source_packet_20260609.txt,yes,ready_for_require_source_packet_run
S044,10,primary_latent_or_construct_correlation_with_source_type_flag,packet_rendered_private,S044_source_packet_20260609.txt,yes,ready_for_require_source_packet_run
S045,10,primary_direct_r_or_source_reported_correlation,packet_rendered_private,S045_source_packet_20260609.txt,yes,ready_for_require_source_packet_run
S046,15,primary_latent_or_construct_correlation_with_source_type_flag,packet_rendered_private,S046_source_packet_20260609.txt,yes,ready_for_require_source_packet_run
S047,10,primary_direct_r_or_source_reported_correlation,packet_rendered_private,S047_source_packet_20260609.txt,yes,ready_for_require_source_packet_run
S048,21,primary_direct_r_or_source_reported_correlation,packet_rendered_private,S048_source_packet_20260609.txt,yes,ready_for_require_source_packet_run
S049,15,primary_direct_r_or_source_reported_correlation,packet_rendered_private,S049_source_packet_20260609.txt,yes,ready_for_require_source_packet_run
S050,15,primary_latent_or_construct_correlation_with_source_type_flag,packet_rendered_private,S050_source_packet_20260609.txt,yes,ready_for_require_source_packet_run
S051,15,primary_direct_r_or_source_reported_correlation,packet_rendered_private,S051_source_packet_20260609.txt,yes,ready_for_require_source_packet_run
S052,10,primary_direct_r_or_source_reported_correlation,packet_rendered_private,S052_source_packet_20260609.txt,yes,ready_for_require_source_packet_run
S053,10,primary_latent_or_construct_correlation_with_source_type_flag,packet_rendered_private,S053_source_packet_20260609.txt,yes,ready_for_require_source_packet_run
S054,10,primary_latent_or_construct_correlation_with_source_type_flag,packet_rendered_private,S054_source_packet_20260609.txt,yes,ready_for_require_source_packet_run
S055,21,primary_latent_or_construct_correlation_with_source_type_flag,packet_rendered_private,S055_source_packet_20260609.txt,yes,ready_for_require_source_packet_run
S056,3,secondary_beta_or_path_converted_effect_size,packet_rendered_private,S056_source_packet_20260609.txt,yes,ready_for_require_source_packet_run
S057,28,primary_latent_or_construct_correlation_with_source_type_flag,packet_rendered_private,S057_source_packet_20260609.txt,yes,ready_for_require_source_packet_run
S058,6,secondary_beta_or_path_converted_effect_size,packet_rendered_private,S058_source_packet_20260609.txt,yes,ready_for_require_source_packet_run
S060,15,primary_latent_or_construct_correlation_with_source_type_flag,packet_rendered_private,S060_source_packet_20260609.txt,yes,ready_for_require_source_packet_run
S061,7,secondary_beta_or_path_converted_effect_size,packet_rendered_private,S061_source_packet_20260609.txt,yes,ready_for_require_source_packet_run
S062,6,primary_direct_r_or_source_reported_correlation,packet_rendered_private,S062_source_packet_20260609.txt,yes,ready_for_require_source_packet_run
S063,10,primary_latent_or_construct_correlation_with_source_type_flag,packet_rendered_private,S063_source_packet_20260609.txt,yes,ready_for_require_source_packet_run
S064,4,secondary_beta_or_path_converted_effect_size,packet_rendered_private,S064_source_packet_20260609.txt,yes,ready_for_require_source_packet_run
S065,10,primary_latent_or_construct_correlation_with_source_type_flag,packet_rendered_private,S065_source_packet_20260609.txt,yes,ready_for_require_source_packet_run
S066,12,secondary_beta_or_path_converted_effect_size,packet_rendered_private,S066_source_packet_20260609.txt,yes,ready_for_require_source_packet_run
S067,15,secondary_beta_or_path_converted_effect_size,packet_rendered_private,S067_source_packet_20260609.txt,yes,ready_for_require_source_packet_run
S068,7,secondary_beta_or_path_converted_effect_size,packet_rendered_private,S068_source_packet_20260609.txt,yes,ready_for_require_source_packet_run
S069,6,primary_latent_or_construct_correlation_with_source_type_flag,packet_rendered_private,S069_source_packet_20260609.txt,yes,ready_for_require_source_packet_run
S070,15,secondary_beta_or_path_converted_effect_size,packet_rendered_private,S070_source_packet_20260609.txt,yes,ready_for_require_source_packet_run
S071,5,secondary_beta_or_path_converted_effect_size,packet_rendered_private,S071_source_packet_20260609.txt,yes,ready_for_require_source_packet_run
S072,15,primary_latent_or_construct_correlation_with_source_type_flag,packet_rendered_private,S072_source_packet_20260609.txt,yes,ready_for_require_source_packet_run
S073,7,secondary_beta_or_path_converted_effect_size,packet_rendered_private,S073_source_packet_20260609.txt,yes,ready_for_require_source_packet_run
S074,15,primary_latent_or_construct_correlation_with_source_type_flag,packet_rendered_private,S074_source_packet_20260609.txt,yes,ready_for_require_source_packet_run
S075,15,secondary_beta_or_path_converted_effect_size,packet_rendered_private,S075_source_packet_20260609.txt,yes,ready_for_require_source_packet_run
S076,15,primary_latent_or_construct_correlation_with_source_type_flag,packet_rendered_private,S076_source_packet_20260609.txt,yes,ready_for_require_source_packet_run
S077,10,primary_latent_or_construct_correlation_with_source_type_flag,packet_rendered_private,S077_source_packet_20260609.txt,yes,ready_for_require_source_packet_run
S078,6,primary_latent_or_construct_correlation_with_source_type_flag,packet_rendered_private,S078_source_packet_20260609.txt,yes,ready_for_require_source_packet_run
S079,5,secondary_beta_or_path_converted_effect_size,packet_rendered_private,S079_source_packet_20260609.txt,yes,ready_for_require_source_packet_run
S080,4,secondary_beta_or_path_converted_effect_size,packet_rendered_private,S080_source_packet_20260609.txt,yes,ready_for_require_source_packet_run
S081,10,primary_direct_r_or_source_reported_correlation,packet_rendered_private,S081_source_packet_20260609.txt,yes,ready_for_require_source_packet_run
S082,10,primary_direct_r_or_source_reported_correlation,packet_rendered_private,S082_source_packet_20260609.txt,yes,ready_for_require_source_packet_run
S083,6,primary_direct_r_or_source_reported_correlation,packet_rendered_private,S083_source_packet_20260609.txt,yes,ready_for_require_source_packet_run
S085,3,secondary_beta_or_path_converted_effect_size,packet_rendered_private,S085_source_packet_20260609.txt,yes,ready_for_require_source_packet_run
S086,21,primary_latent_or_construct_correlation_with_source_type_flag,packet_rendered_private,S086_source_packet_20260609.txt,yes,ready_for_require_source_packet_run
S087,10,primary_latent_or_construct_correlation_with_source_type_flag,packet_rendered_private,S087_source_packet_20260609.txt,yes,ready_for_require_source_packet_run
S088,21,primary_direct_r_or_source_reported_correlation,packet_rendered_private,S088_source_packet_20260609.txt,yes,ready_for_require_source_packet_run
S089,5,secondary_beta_or_path_converted_effect_size,packet_rendered_private,S089_source_packet_20260609.txt,yes,ready_for_require_source_packet_run
S090,3,primary_direct_r_or_source_reported_correlation,packet_rendered_private,S090_source_packet_20260609.txt,yes,ready_for_require_source_packet_run
S091,6,secondary_beta_or_path_converted_effect_size,packet_rendered_private,S091_source_packet_20260609.txt,yes,ready_for_require_source_packet_run
S092,3,secondary_beta_or_path_converted_effect_size,packet_rendered_private,S092_source_packet_20260609.txt,yes,ready_for_require_source_packet_run
S093,6,secondary_beta_or_path_converted_effect_size,packet_rendered_private,S093_source_packet_20260609.txt,yes,ready_for_require_source_packet_run
S094,1,secondary_beta_or_path_converted_effect_size,packet_rendered_private,S094_source_packet_20260609.txt,yes,ready_for_require_source_packet_run
S095,9,secondary_beta_or_path_converted_effect_size,packet_rendered_private,S095_source_packet_20260609.txt,yes,ready_for_require_source_packet_run
S096,2,secondary_beta_or_path_converted_effect_size,packet_rendered_private,S096_source_packet_20260609.txt,yes,ready_for_require_source_packet_run
S097,10,primary_direct_r_or_source_reported_correlation,packet_rendered_private,S097_source_packet_20260609.txt,yes,ready_for_require_source_packet_run
S098,6,primary_latent_or_construct_correlation_with_source_type_flag,packet_rendered_private,S098_source_packet_20260609.txt,yes,ready_for_require_source_packet_run
S099,12,secondary_beta_or_path_converted_effect_size,packet_rendered_private,S099_source_packet_20260609.txt,yes,ready_for_require_source_packet_run
S100,3,primary_latent_or_construct_correlation_with_source_type_flag,packet_rendered_private,S100_source_packet_20260609.txt,yes,ready_for_require_source_packet_run
S102,10,primary_latent_or_construct_correlation_with_source_type_flag,packet_rendered_private,S102_source_packet_20260609.txt,yes,ready_for_require_source_packet_run
S103,10,primary_direct_r_or_source_reported_correlation,packet_rendered_private,S103_source_packet_20260609.txt,yes,ready_for_require_source_packet_run
S104,6,secondary_beta_or_path_converted_effect_size,packet_rendered_private,S104_source_packet_20260609.txt,yes,ready_for_require_source_packet_run
S106,6,secondary_beta_or_path_converted_effect_size,packet_rendered_private,S106_source_packet_20260609.txt,yes,ready_for_require_source_packet_run
S107,4,secondary_beta_or_path_converted_effect_size,packet_rendered_private,S107_source_packet_20260609.txt,yes,ready_for_require_source_packet_run
S111,6,primary_latent_or_construct_correlation_with_source_type_flag,packet_rendered_private,S111_source_packet_20260609.txt,yes,ready_for_require_source_packet_run
S112,7,secondary_beta_or_path_converted_effect_size,packet_rendered_private,S112_source_packet_20260609.txt,yes,ready_for_require_source_packet_run
S113,6,secondary_beta_or_path_converted_effect_size,packet_rendered_private,S113_source_packet_20260609.txt,yes,ready_for_require_source_packet_run
S114,14,primary_latent_or_construct_correlation_with_source_type_flag,packet_rendered_private,S114_source_packet_20260609.txt,yes,ready_for_require_source_packet_run
S115,6,primary_latent_or_construct_correlation_with_source_type_flag,packet_rendered_private,S115_source_packet_20260609.txt,yes,ready_for_require_source_packet_run
S116,15,primary_direct_r_or_source_reported_correlation,packet_rendered_private,S116_source_packet_20260609.txt,yes,ready_for_require_source_packet_run
S117,7,secondary_beta_or_path_converted_effect_size,packet_rendered_private,S117_source_packet_20260609.txt,yes,ready_for_require_source_packet_run
S119,10,primary_latent_or_construct_correlation_with_source_type_flag,packet_rendered_private,S119_source_packet_20260609.txt,yes,ready_for_require_source_packet_run
S120,5,secondary_beta_or_path_converted_effect_size,packet_rendered_private,S120_source_packet_20260609.txt,yes,ready_for_require_source_packet_run
S121,56,primary_direct_r_or_source_reported_correlation,packet_rendered_private,S121_source_packet_20260609.txt,yes,ready_for_require_source_packet_run
S122,10,primary_direct_r_or_source_reported_correlation,packet_rendered_private,S122_source_packet_20260609.txt,yes,ready_for_require_source_packet_run
S123,3,primary_direct_r_or_source_reported_correlation,packet_rendered_private,S123_source_packet_20260609.txt,yes,ready_for_require_source_packet_run
S124,6,secondary_beta_or_path_converted_effect_size,packet_rendered_private,S124_source_packet_20260609.txt,yes,ready_for_require_source_packet_run
S125,15,primary_latent_or_construct_correlation_with_source_type_flag,packet_rendered_private,S125_source_packet_20260609.txt,yes,ready_for_require_source_packet_run
S126,15,primary_direct_r_or_source_reported_correlation,packet_rendered_private,S126_source_packet_20260609.txt,yes,ready_for_require_source_packet_run
S127,15,primary_latent_or_construct_correlation_with_source_type_flag,packet_rendered_private,S127_source_packet_20260609.txt,yes,ready_for_require_source_packet_run
S128,15,primary_direct_r_or_source_reported_correlation,packet_rendered_private,S128_source_packet_20260609.txt,yes,ready_for_require_source_packet_run
S129,9,secondary_beta_or_path_converted_effect_size,packet_rendered_private,S129_source_packet_20260609.txt,yes,ready_for_require_source_packet_run
S130,10,primary_direct_r_or_source_reported_correlation,packet_rendered_private,S130_source_packet_20260609.txt,yes,ready_for_require_source_packet_run
S131,4,secondary_beta_or_path_converted_effect_size,packet_rendered_private,S131_source_packet_20260609.txt,yes,ready_for_require_source_packet_run
S133,15,primary_direct_r_or_source_reported_correlation,packet_rendered_private,S133_source_packet_20260609.txt,yes,ready_for_require_source_packet_run
S134,6,secondary_beta_or_path_converted_effect_size,packet_rendered_private,S134_source_packet_20260609.txt,yes,ready_for_require_source_packet_run
S135,10,primary_latent_or_construct_correlation_with_source_type_flag,packet_rendered_private,S135_source_packet_20260609.txt,yes,ready_for_require_source_packet_run
S136,10,primary_latent_or_construct_correlation_with_source_type_flag,packet_rendered_private,S136_source_packet_20260609.txt,yes,ready_for_require_source_packet_run
S137,15,primary_latent_or_construct_correlation_with_source_type_flag,packet_rendered_private,S137_source_packet_20260609.txt,yes,ready_for_require_source_packet_run
S138,28,primary_direct_r_or_source_reported_correlation,packet_rendered_private,S138_source_packet_20260609.txt,yes,ready_for_require_source_packet_run
S139,6,primary_direct_r_or_source_reported_correlation,packet_rendered_private,S139_source_packet_20260609.txt,yes,ready_for_require_source_packet_run
S140,1,primary_direct_r_or_source_reported_correlation,packet_rendered_private,S140_source_packet_20260609.txt,yes,ready_for_require_source_packet_run
S141,10,primary_latent_or_construct_correlation_with_source_type_flag,packet_rendered_private,S141_source_packet_20260609.txt,yes,ready_for_require_source_packet_run
S142,3,primary_latent_or_construct_correlation_with_source_type_flag,packet_rendered_private,S142_source_packet_20260609.txt,yes,ready_for_require_source_packet_run
S143,10,primary_latent_or_construct_correlation_with_source_type_flag,packet_rendered_private,S143_source_packet_20260609.txt,yes,ready_for_require_source_packet_run
S146,15,primary_latent_or_construct_correlation_with_source_type_flag,packet_rendered_private,S146_source_packet_20260609.txt,yes,ready_for_require_source_packet_run
S148,5,secondary_beta_or_path_converted_effect_size,packet_rendered_private,S148_source_packet_20260609.txt,yes,ready_for_require_source_packet_run
S149,5,primary_direct_r_or_source_reported_correlation,packet_rendered_private,S149_source_packet_20260609.txt,yes,ready_for_require_source_packet_run
S150,4,secondary_beta_or_path_converted_effect_size,packet_rendered_private,S150_source_packet_20260609.txt,yes,ready_for_require_source_packet_run
S151,10,primary_direct_r_or_source_reported_correlation,packet_rendered_private,S151_source_packet_20260609.txt,yes,ready_for_require_source_packet_run
S152,3,secondary_beta_or_path_converted_effect_size,packet_rendered_private,S152_source_packet_20260609.txt,yes,ready_for_require_source_packet_run
S153,15,primary_latent_or_construct_correlation_with_source_type_flag,packet_rendered_private,S153_source_packet_20260609.txt,yes,ready_for_require_source_packet_run
S154,10,primary_direct_r_or_source_reported_correlation,packet_rendered_private,S154_source_packet_20260609.txt,yes,ready_for_require_source_packet_run
S155,6,primary_direct_r_or_source_reported_correlation,packet_rendered_private,S155_source_packet_20260609.txt,yes,ready_for_require_source_packet_run
S156,10,primary_latent_or_construct_correlation_with_source_type_flag,packet_rendered_private,S156_source_packet_20260609.txt,yes,ready_for_require_source_packet_run
S157,28,primary_direct_r_or_source_reported_correlation,packet_rendered_private,S157_source_packet_20260609.txt,yes,ready_for_require_source_packet_run
S158,6,secondary_beta_or_path_converted_effect_size,packet_rendered_private,S158_source_packet_20260609.txt,yes,ready_for_require_source_packet_run
S159,10,primary_direct_r_or_source_reported_correlation,packet_rendered_private,S159_source_packet_20260609.txt,yes,ready_for_require_source_packet_run
S160,6,primary_latent_or_construct_correlation_with_source_type_flag,packet_rendered_private,S160_source_packet_20260609.txt,yes,ready_for_require_source_packet_run
S161,10,primary_latent_or_construct_correlation_with_source_type_flag,packet_rendered_private,S161_source_packet_20260609.txt,yes,ready_for_require_source_packet_run
S162,15,primary_latent_or_construct_correlation_with_source_type_flag,packet_rendered_private,S162_source_packet_20260609.txt,yes,ready_for_require_source_packet_run
S163,15,primary_latent_or_construct_correlation_with_source_type_flag,packet_rendered_private,S163_source_packet_20260609.txt,yes,ready_for_require_source_packet_run
S164,21,primary_latent_or_construct_correlation_with_source_type_flag,packet_rendered_private,S164_source_packet_20260609.txt,yes,ready_for_require_source_packet_run
S165,15,primary_direct_r_or_source_reported_correlation,packet_rendered_private,S165_source_packet_20260609.txt,yes,ready_for_require_source_packet_run
S166,5,secondary_beta_or_path_converted_effect_size,packet_rendered_private,S166_source_packet_20260609.txt,yes,ready_for_require_source_packet_run
S167,3,primary_latent_or_construct_correlation_with_source_type_flag,packet_rendered_private,S167_source_packet_20260609.txt,yes,ready_for_require_source_packet_run
S168,6,secondary_beta_or_path_converted_effect_size,packet_rendered_private,S168_source_packet_20260609.txt,yes,ready_for_require_source_packet_run
S169,10,primary_direct_r_or_source_reported_correlation,packet_rendered_private,S169_source_packet_20260609.txt,yes,ready_for_require_source_packet_run
S170,5,secondary_beta_or_path_converted_effect_size,packet_rendered_private,S170_source_packet_20260609.txt,yes,ready_for_require_source_packet_run
S171,15,primary_latent_or_construct_correlation_with_source_type_flag,packet_rendered_private,S171_source_packet_20260609.txt,yes,ready_for_require_source_packet_run
S172,6,primary_direct_r_or_source_reported_correlation,packet_rendered_private,S172_source_packet_20260609.txt,yes,ready_for_require_source_packet_run
S173,21,primary_latent_or_construct_correlation_with_source_type_flag,packet_rendered_private,S173_source_packet_20260609.txt,yes,ready_for_require_source_packet_run
S174,10,primary_latent_or_construct_correlation_with_source_type_flag,packet_rendered_private,S174_source_packet_20260609.txt,yes,ready_for_require_source_packet_run
S175,4,secondary_beta_or_path_converted_effect_size,packet_rendered_private,S175_source_packet_20260609.txt,yes,ready_for_require_source_packet_run
S176,28,primary_latent_or_construct_correlation_with_source_type_flag,packet_rendered_private,S176_source_packet_20260609.txt,yes,ready_for_require_source_packet_run
S177,3,primary_latent_or_construct_correlation_with_source_type_flag,packet_rendered_private,S177_source_packet_20260609.txt,yes,ready_for_require_source_packet_run
S178,10,primary_latent_or_construct_correlation_with_source_type_flag,packet_rendered_private,S178_source_packet_20260609.txt,yes,ready_for_require_source_packet_run
S179,5,secondary_beta_or_path_converted_effect_size,packet_rendered_private,S179_source_packet_20260609.txt,yes,ready_for_require_source_packet_run
S181,6,secondary_beta_or_path_converted_effect_size,packet_rendered_private,S181_source_packet_20260609.txt,yes,ready_for_require_source_packet_run
S182,10,primary_direct_r_or_source_reported_correlation,packet_rendered_private,S182_source_packet_20260609.txt,yes,ready_for_require_source_packet_run
S183,15,secondary_beta_or_path_converted_effect_size,packet_rendered_private,S183_source_packet_20260609.txt,yes,ready_for_require_source_packet_run
S184,10,primary_latent_or_construct_correlation_with_source_type_flag,packet_rendered_private,S184_source_packet_20260609.txt,yes,ready_for_require_source_packet_run
S186,15,primary_latent_or_construct_correlation_with_source_type_flag,packet_rendered_private,S186_source_packet_20260609.txt,yes,ready_for_require_source_packet_run
S187,15,primary_latent_or_construct_correlation_with_source_type_flag,packet_rendered_private,S187_source_packet_20260609.txt,yes,ready_for_require_source_packet_run
S188,6,primary_latent_or_construct_correlation_with_source_type_flag,packet_rendered_private,S188_source_packet_20260609.txt,yes,ready_for_require_source_packet_run
S189,6,primary_latent_or_construct_correlation_with_source_type_flag,packet_rendered_private,S189_source_packet_20260609.txt,yes,ready_for_require_source_packet_run
S190,21,primary_direct_r_or_source_reported_correlation,packet_rendered_private,S190_source_packet_20260609.txt,yes,ready_for_require_source_packet_run
S191,21,secondary_beta_or_path_converted_effect_size,packet_rendered_private,S191_source_packet_20260609.txt,yes,ready_for_require_source_packet_run
S192,5,secondary_beta_or_path_converted_effect_size,packet_rendered_private,S192_source_packet_20260609.txt,yes,ready_for_require_source_packet_run
S193,15,primary_latent_or_construct_correlation_with_source_type_flag,packet_rendered_private,S193_source_packet_20260609.txt,yes,ready_for_require_source_packet_run
S197,6,primary_latent_or_construct_correlation_with_source_type_flag,packet_rendered_private,S197_source_packet_20260609.txt,yes,ready_for_require_source_packet_run
S198,15,primary_direct_r_or_source_reported_correlation,packet_rendered_private,S198_source_packet_20260609.txt,yes,ready_for_require_source_packet_run
S199,15,primary_direct_r_or_source_reported_correlation,packet_rendered_private,S199_source_packet_20260609.txt,yes,ready_for_require_source_packet_run
S200,15,secondary_beta_or_path_converted_effect_size,packet_rendered_private,S200_source_packet_20260609.txt,yes,ready_for_require_source_packet_run
S201,10,primary_latent_or_construct_correlation_with_source_type_flag,packet_rendered_private,S201_source_packet_20260609.txt,yes,ready_for_require_source_packet_run
S203,10,primary_direct_r_or_source_reported_correlation,packet_rendered_private,S203_source_packet_20260609.txt,yes,ready_for_require_source_packet_run
S204,7,secondary_beta_or_path_converted_effect_size,packet_rendered_private,S204_source_packet_20260609.txt,yes,ready_for_require_source_packet_run
S205,10,primary_direct_r_or_source_reported_correlation,packet_rendered_private,S205_source_packet_20260609.txt,yes,ready_for_require_source_packet_run
S207,6,secondary_beta_or_path_converted_effect_size,packet_rendered_private,S207_source_packet_20260609.txt,yes,ready_for_require_source_packet_run
S209,6,primary_direct_r_or_source_reported_correlation,packet_rendered_private,S209_source_packet_20260609.txt,yes,ready_for_require_source_packet_run
S210,6,primary_latent_or_construct_correlation_with_source_type_flag,packet_rendered_private,S210_source_packet_20260609.txt,yes,ready_for_require_source_packet_run
S211,2,primary_direct_r_or_source_reported_correlation,packet_rendered_private,S211_source_packet_20260609.txt,yes,ready_for_require_source_packet_run
S212,8,primary_latent_or_construct_correlation_with_source_type_flag,packet_rendered_private,S212_source_packet_20260609.txt,yes,ready_for_require_source_packet_run
S213,3,primary_latent_or_construct_correlation_with_source_type_flag,packet_rendered_private,S213_source_packet_20260609.txt,yes,ready_for_require_source_packet_run
S214,15,primary_latent_or_construct_correlation_with_source_type_flag,packet_rendered_private,S214_source_packet_20260609.txt,yes,ready_for_require_source_packet_run
S216,6,secondary_beta_or_path_converted_effect_size,packet_rendered_private,S216_source_packet_20260609.txt,yes,ready_for_require_source_packet_run
S217,10,primary_direct_r_or_source_reported_correlation,packet_rendered_private,S217_source_packet_20260609.txt,yes,ready_for_require_source_packet_run
S219,10,primary_direct_r_or_source_reported_correlation,packet_rendered_private,S219_source_packet_20260609.txt,yes,ready_for_require_source_packet_run
S221,15,primary_latent_or_construct_correlation_with_source_type_flag,packet_rendered_private,S221_source_packet_20260609.txt,yes,ready_for_require_source_packet_run
S223,21,primary_latent_or_construct_correlation_with_source_type_flag,packet_rendered_private,S223_source_packet_20260609.txt,yes,ready_for_require_source_packet_run
S225,6,secondary_beta_or_path_converted_effect_size,packet_rendered_private,S225_source_packet_20260609.txt,yes,ready_for_require_source_packet_run
