study_id,present_full10_pairs,missing_full10_pairs,has_complete_full10_matrix,sample_size_values_seen,missing_pairs
S002,15,30,false,300.0,ANX-ATT;ANX-BI;ANX-EE;ANX-FC;ANX-PE;ANX-SE;ANX-SI;ANX-TRU;ANX-UB;ATT-BI;ATT-EE;ATT-FC;ATT-PE;ATT-SE;ATT-SI;ATT-TRU;ATT-UB;BI-SE;BI-TRU;EE-SE;EE-TRU;FC-SE;FC-TRU;PE-SE;PE-TRU;SE-SI;SE-TRU;SE-UB;SI-TRU;TRU-UB
S003,10,35,false,195.0,ANX-ATT;ANX-BI;ANX-EE;ANX-FC;ANX-PE;ANX-SE;ANX-SI;ANX-TRU;ANX-UB;ATT-BI;ATT-EE;ATT-FC;ATT-PE;ATT-SE;ATT-SI;ATT-TRU;ATT-UB;BI-EE;BI-FC;BI-PE;BI-SE;BI-SI;BI-TRU;BI-UB;EE-SE;EE-TRU;FC-SE;FC-TRU;PE-SE;PE-TRU;SE-SI;SE-TRU;SE-UB;SI-TRU;TRU-UB
S004,21,24,false,485.0,ANX-ATT;ANX-BI;ANX-EE;ANX-FC;ANX-PE;ANX-SE;ANX-SI;ANX-TRU;ANX-UB;ATT-BI;ATT-EE;ATT-FC;ATT-PE;ATT-SE;ATT-SI;ATT-TRU;ATT-UB;BI-SE;EE-SE;FC-SE;PE-SE;SE-SI;SE-TRU;SE-UB
S005,10,35,false,230.0,ANX-ATT;ANX-EE;ANX-SI;ANX-TRU;ANX-UB;ATT-BI;ATT-EE;ATT-FC;ATT-PE;ATT-SE;ATT-SI;ATT-TRU;ATT-UB;BI-EE;BI-SI;BI-TRU;BI-UB;EE-FC;EE-PE;EE-SE;EE-SI;EE-TRU;EE-UB;FC-SI;FC-TRU;FC-UB;PE-SI;PE-TRU;PE-UB;SE-SI;SE-TRU;SE-UB;SI-TRU;SI-UB;TRU-UB
S006,15,30,false,1167.0,ANX-ATT;ANX-BI;ANX-EE;ANX-FC;ANX-PE;ANX-SE;ANX-SI;ANX-TRU;ANX-UB;ATT-BI;ATT-EE;ATT-FC;ATT-PE;ATT-SE;ATT-SI;ATT-TRU;ATT-UB;BI-SE;BI-TRU;EE-SE;EE-TRU;FC-SE;FC-TRU;PE-SE;PE-TRU;SE-SI;SE-TRU;SE-UB;SI-TRU;TRU-UB
S007,11,34,false,363.0,ANX-ATT;ANX-BI;ANX-EE;ANX-FC;ANX-PE;ANX-SE;ANX-SI;ANX-TRU;ANX-UB;ATT-EE;ATT-SI;ATT-TRU;ATT-UB;BI-EE;BI-TRU;BI-UB;EE-FC;EE-PE;EE-SE;EE-SI;EE-TRU;EE-UB;FC-SI;FC-TRU;FC-UB;PE-SI;PE-TRU;PE-UB;SE-SI;SE-TRU;SE-UB;SI-TRU;SI-UB;TRU-UB
S008,15,30,false,289.0,ANX-ATT;ANX-BI;ANX-EE;ANX-FC;ANX-PE;ANX-SE;ANX-SI;ANX-TRU;ANX-UB;ATT-SE;ATT-TRU;ATT-UB;BI-SE;BI-TRU;BI-UB;EE-SE;EE-TRU;EE-UB;FC-SE;FC-TRU;FC-UB;PE-SE;PE-TRU;PE-UB;SE-SI;SE-TRU;SE-UB;SI-TRU;SI-UB;TRU-UB
S010,6,39,false,296.0,ANX-ATT;ANX-BI;ANX-EE;ANX-FC;ANX-PE;ANX-SE;ANX-SI;ANX-TRU;ANX-UB;ATT-BI;ATT-EE;ATT-FC;ATT-PE;ATT-SE;ATT-SI;ATT-TRU;ATT-UB;BI-SE;BI-TRU;EE-FC;EE-PE;EE-SE;EE-SI;EE-TRU;EE-UB;FC-PE;FC-SE;FC-SI;FC-TRU;PE-SE;PE-SI;PE-TRU;PE-UB;SE-SI;SE-TRU;SE-UB;SI-TRU;SI-UB;TRU-UB
S011,5,40,false,304.0,ANX-ATT;ANX-BI;ANX-EE;ANX-FC;ANX-PE;ANX-SE;ANX-SI;ANX-TRU;ANX-UB;ATT-SE;ATT-SI;ATT-TRU;ATT-UB;BI-EE;BI-PE;BI-SE;BI-SI;BI-TRU;BI-UB;EE-FC;EE-PE;EE-SE;EE-SI;EE-TRU;EE-UB;FC-PE;FC-SE;FC-SI;FC-TRU;FC-UB;PE-SE;PE-SI;PE-TRU;PE-UB;SE-SI;SE-TRU;SE-UB;SI-TRU;SI-UB;TRU-UB
S012,10,35,false,1190.0,ANX-ATT;ANX-BI;ANX-EE;ANX-FC;ANX-PE;ANX-SE;ANX-SI;ANX-TRU;ANX-UB;ATT-BI;ATT-EE;ATT-FC;ATT-PE;ATT-SE;ATT-SI;ATT-TRU;ATT-UB;BI-SE;BI-TRU;BI-UB;EE-SE;EE-TRU;EE-UB;FC-SE;FC-TRU;FC-UB;PE-SE;PE-TRU;PE-UB;SE-SI;SE-TRU;SE-UB;SI-TRU;SI-UB;TRU-UB
S013,15,30,false,460.0,ANX-ATT;ANX-BI;ANX-EE;ANX-FC;ANX-PE;ANX-SE;ANX-SI;ANX-TRU;ANX-UB;ATT-BI;ATT-EE;ATT-FC;ATT-PE;ATT-SE;ATT-SI;ATT-TRU;ATT-UB;BI-TRU;BI-UB;EE-TRU;EE-UB;FC-TRU;FC-UB;PE-TRU;PE-UB;SE-TRU;SE-UB;SI-TRU;SI-UB;TRU-UB
S014,2,43,false,750.0,ANX-ATT;ANX-BI;ANX-EE;ANX-FC;ANX-PE;ANX-SE;ANX-SI;ANX-TRU;ANX-UB;ATT-BI;ATT-EE;ATT-FC;ATT-PE;ATT-SE;ATT-SI;ATT-TRU;ATT-UB;BI-EE;BI-FC;BI-PE;BI-SE;BI-SI;BI-TRU;BI-UB;EE-FC;EE-PE;EE-SE;EE-SI;EE-TRU;EE-UB;FC-PE;FC-SE;FC-SI;FC-TRU;FC-UB;PE-SE;PE-SI;PE-TRU;SE-SI;SE-TRU;SE-UB;SI-TRU;TRU-UB
S015,15,30,false,528.0,ANX-ATT;ANX-BI;ANX-EE;ANX-FC;ANX-PE;ANX-SE;ANX-SI;ANX-TRU;ANX-UB;ATT-BI;ATT-EE;ATT-FC;ATT-PE;ATT-SE;ATT-SI;ATT-TRU;ATT-UB;BI-SE;BI-TRU;EE-SE;EE-TRU;FC-SE;FC-TRU;PE-SE;PE-TRU;SE-SI;SE-TRU;SE-UB;SI-TRU;TRU-UB
S016,21,24,false,382.0,ANX-SI;ANX-TRU;ANX-UB;ATT-SI;ATT-TRU;ATT-UB;BI-SI;BI-TRU;BI-UB;EE-SI;EE-TRU;EE-UB;FC-SI;FC-TRU;FC-UB;PE-SI;PE-TRU;PE-UB;SE-SI;SE-TRU;SE-UB;SI-TRU;SI-UB;TRU-UB
S017,6,39,false,249.0,ANX-ATT;ANX-BI;ANX-EE;ANX-FC;ANX-PE;ANX-SE;ANX-SI;ANX-TRU;ANX-UB;ATT-BI;ATT-EE;ATT-FC;ATT-PE;ATT-SE;ATT-SI;ATT-TRU;ATT-UB;BI-FC;BI-SE;BI-SI;BI-TRU;EE-FC;EE-SE;EE-SI;EE-TRU;FC-PE;FC-SE;FC-SI;FC-TRU;FC-UB;PE-SE;PE-SI;PE-TRU;SE-SI;SE-TRU;SE-UB;SI-TRU;SI-UB;TRU-UB
S018,10,35,false,748.0,ANX-ATT;ANX-BI;ANX-EE;ANX-FC;ANX-PE;ANX-SE;ANX-SI;ANX-TRU;ANX-UB;ATT-FC;ATT-SE;ATT-TRU;ATT-UB;BI-FC;BI-SE;BI-TRU;BI-UB;EE-FC;EE-SE;EE-TRU;EE-UB;FC-PE;FC-SE;FC-SI;FC-TRU;FC-UB;PE-SE;PE-TRU;PE-UB;SE-SI;SE-TRU;SE-UB;SI-TRU;SI-UB;TRU-UB
S019,1,44,false,572.0,ANX-ATT;ANX-BI;ANX-EE;ANX-FC;ANX-PE;ANX-SE;ANX-SI;ANX-TRU;ANX-UB;ATT-BI;ATT-EE;ATT-FC;ATT-PE;ATT-SE;ATT-SI;ATT-TRU;ATT-UB;BI-EE;BI-FC;BI-PE;BI-SE;BI-SI;BI-TRU;BI-UB;EE-FC;EE-PE;EE-SE;EE-SI;EE-TRU;EE-UB;FC-PE;FC-SE;FC-SI;FC-TRU;FC-UB;PE-SE;PE-SI;PE-UB;SE-SI;SE-TRU;SE-UB;SI-TRU;SI-UB;TRU-UB
S020,10,35,false,249.0,ANX-ATT;ANX-SE;ANX-SI;ANX-TRU;ANX-UB;ATT-BI;ATT-EE;ATT-FC;ATT-PE;ATT-SE;ATT-SI;ATT-TRU;ATT-UB;BI-SE;BI-SI;BI-TRU;BI-UB;EE-SE;EE-SI;EE-TRU;EE-UB;FC-SE;FC-SI;FC-TRU;FC-UB;PE-SE;PE-SI;PE-TRU;PE-UB;SE-SI;SE-TRU;SE-UB;SI-TRU;SI-UB;TRU-UB
S022,3,42,false,729.0,ANX-ATT;ANX-BI;ANX-EE;ANX-FC;ANX-PE;ANX-SE;ANX-SI;ANX-TRU;ANX-UB;ATT-BI;ATT-EE;ATT-FC;ATT-PE;ATT-SE;ATT-SI;ATT-TRU;ATT-UB;BI-FC;BI-SE;BI-SI;BI-TRU;BI-UB;EE-FC;EE-SE;EE-SI;EE-TRU;EE-UB;FC-PE;FC-SE;FC-SI;FC-TRU;FC-UB;PE-SE;PE-SI;PE-TRU;PE-UB;SE-SI;SE-TRU;SE-UB;SI-TRU;SI-UB;TRU-UB
S025,21,24,false,361.0,ANX-ATT;ANX-BI;ANX-EE;ANX-FC;ANX-PE;ANX-SE;ANX-SI;ANX-TRU;ANX-UB;ATT-BI;ATT-EE;ATT-FC;ATT-PE;ATT-SE;ATT-SI;ATT-TRU;ATT-UB;BI-TRU;EE-TRU;FC-TRU;PE-TRU;SE-TRU;SI-TRU;TRU-UB
S026,15,30,false,510.0,ANX-ATT;ANX-BI;ANX-EE;ANX-FC;ANX-PE;ANX-SE;ANX-SI;ANX-TRU;ANX-UB;ATT-FC;ATT-SE;ATT-TRU;BI-FC;BI-SE;BI-TRU;EE-FC;EE-SE;EE-TRU;FC-PE;FC-SE;FC-SI;FC-TRU;FC-UB;PE-SE;PE-TRU;SE-SI;SE-TRU;SE-UB;SI-TRU;TRU-UB
S027,10,35,false,415.0,ANX-ATT;ANX-BI;ANX-EE;ANX-FC;ANX-PE;ANX-SE;ANX-SI;ANX-TRU;ANX-UB;ATT-BI;ATT-EE;ATT-FC;ATT-PE;ATT-SE;ATT-SI;ATT-TRU;ATT-UB;BI-SE;BI-TRU;BI-UB;EE-SE;EE-TRU;EE-UB;FC-SE;FC-TRU;FC-UB;PE-SE;PE-TRU;PE-UB;SE-SI;SE-TRU;SE-UB;SI-TRU;SI-UB;TRU-UB
S028,10,35,false,508.0,ANX-ATT;ANX-BI;ANX-EE;ANX-FC;ANX-PE;ANX-SE;ANX-SI;ANX-TRU;ANX-UB;ATT-FC;ATT-SI;ATT-TRU;ATT-UB;BI-FC;BI-SI;BI-TRU;BI-UB;EE-FC;EE-SI;EE-TRU;EE-UB;FC-PE;FC-SE;FC-SI;FC-TRU;FC-UB;PE-SI;PE-TRU;PE-UB;SE-SI;SE-TRU;SE-UB;SI-TRU;SI-UB;TRU-UB
S029,10,35,false,411.0,ANX-ATT;ANX-BI;ANX-EE;ANX-FC;ANX-PE;ANX-SE;ANX-SI;ANX-TRU;ANX-UB;ATT-BI;ATT-EE;ATT-FC;ATT-PE;ATT-SE;ATT-SI;ATT-TRU;ATT-UB;BI-FC;BI-SE;BI-UB;EE-FC;EE-SE;EE-UB;FC-PE;FC-SE;FC-SI;FC-TRU;FC-UB;PE-SE;PE-UB;SE-SI;SE-TRU;SE-UB;SI-UB;TRU-UB
S030,21,24,false,226.0,ANX-ATT;ANX-BI;ANX-EE;ANX-FC;ANX-PE;ANX-SE;ANX-SI;ANX-TRU;ANX-UB;ATT-SE;ATT-UB;BI-SE;BI-UB;EE-SE;EE-UB;FC-SE;FC-UB;PE-SE;PE-UB;SE-SI;SE-TRU;SE-UB;SI-UB;TRU-UB
S031,8,37,false,353.0,ANX-ATT;ANX-BI;ANX-EE;ANX-FC;ANX-PE;ANX-SE;ANX-SI;ANX-TRU;ANX-UB;ATT-BI;ATT-EE;ATT-FC;ATT-PE;ATT-SE;ATT-SI;ATT-TRU;ATT-UB;BI-EE;BI-FC;BI-PE;BI-SI;BI-UB;EE-FC;EE-PE;EE-SE;EE-SI;EE-TRU;EE-UB;FC-PE;FC-SE;FC-SI;FC-TRU;FC-UB;PE-SI;SE-SI;SI-TRU;SI-UB
S032,15,30,false,804.0,ANX-ATT;ANX-BI;ANX-EE;ANX-FC;ANX-PE;ANX-SE;ANX-SI;ANX-TRU;ANX-UB;ATT-FC;ATT-SE;ATT-TRU;BI-FC;BI-SE;BI-TRU;EE-FC;EE-SE;EE-TRU;FC-PE;FC-SE;FC-SI;FC-TRU;FC-UB;PE-SE;PE-TRU;SE-SI;SE-TRU;SE-UB;SI-TRU;TRU-UB
S033,6,39,false,437.0,ANX-ATT;ANX-BI;ANX-EE;ANX-FC;ANX-PE;ANX-SE;ANX-SI;ANX-TRU;ANX-UB;ATT-BI;ATT-FC;ATT-SE;ATT-SI;ATT-TRU;BI-EE;BI-FC;BI-PE;BI-SE;BI-SI;BI-TRU;BI-UB;EE-FC;EE-SE;EE-SI;EE-TRU;EE-UB;FC-PE;FC-SE;FC-SI;FC-TRU;FC-UB;PE-SE;PE-SI;PE-TRU;PE-UB;SE-SI;SE-TRU;SE-UB;SI-TRU
S034,3,42,false,148.0,ANX-ATT;ANX-BI;ANX-EE;ANX-FC;ANX-PE;ANX-SE;ANX-SI;ANX-TRU;ANX-UB;ATT-BI;ATT-EE;ATT-FC;ATT-PE;ATT-SE;ATT-SI;ATT-TRU;ATT-UB;BI-FC;BI-SE;BI-SI;BI-TRU;BI-UB;EE-FC;EE-SE;EE-SI;EE-TRU;EE-UB;FC-PE;FC-SE;FC-SI;FC-TRU;FC-UB;PE-SE;PE-SI;PE-TRU;PE-UB;SE-SI;SE-TRU;SE-UB;SI-TRU;SI-UB;TRU-UB
S035,21,24,false,622.0,ANX-ATT;ANX-BI;ANX-EE;ANX-FC;ANX-PE;ANX-SE;ANX-SI;ANX-TRU;ANX-UB;ATT-BI;ATT-EE;ATT-FC;ATT-PE;ATT-SE;ATT-SI;ATT-TRU;ATT-UB;BI-SE;EE-SE;FC-SE;PE-SE;SE-SI;SE-TRU;SE-UB
S036,21,24,false,480.0,ANX-ATT;ANX-FC;ANX-UB;ATT-BI;ATT-EE;ATT-FC;ATT-PE;ATT-SE;ATT-SI;ATT-TRU;ATT-UB;BI-FC;BI-UB;EE-FC;EE-UB;FC-PE;FC-SE;FC-SI;FC-TRU;FC-UB;PE-UB;SE-UB;SI-UB;TRU-UB
S037,10,35,false,635.0,ANX-ATT;ANX-BI;ANX-EE;ANX-FC;ANX-PE;ANX-SE;ANX-SI;ANX-TRU;ANX-UB;ATT-BI;ATT-EE;ATT-FC;ATT-PE;ATT-SE;ATT-SI;ATT-TRU;ATT-UB;BI-FC;BI-SE;BI-UB;EE-FC;EE-SE;EE-UB;FC-PE;FC-SE;FC-SI;FC-TRU;FC-UB;PE-SE;PE-UB;SE-SI;SE-TRU;SE-UB;SI-UB;TRU-UB
S040,6,39,false,290.0,ANX-ATT;ANX-BI;ANX-EE;ANX-FC;ANX-PE;ANX-SE;ANX-SI;ANX-TRU;ANX-UB;ATT-BI;ATT-EE;ATT-FC;ATT-PE;ATT-SE;ATT-SI;ATT-TRU;ATT-UB;BI-FC;BI-SE;BI-SI;BI-UB;EE-FC;EE-SE;EE-SI;EE-UB;FC-PE;FC-SE;FC-SI;FC-TRU;FC-UB;PE-SE;PE-SI;PE-UB;SE-SI;SE-TRU;SE-UB;SI-TRU;SI-UB;TRU-UB
S043,6,39,false,210.0,ANX-ATT;ANX-BI;ANX-EE;ANX-FC;ANX-PE;ANX-SE;ANX-SI;ANX-TRU;ANX-UB;ATT-BI;ATT-EE;ATT-FC;ATT-PE;ATT-SE;ATT-SI;ATT-TRU;ATT-UB;BI-FC;BI-SE;BI-SI;BI-TRU;EE-SE;EE-SI;EE-UB;FC-PE;FC-SE;FC-SI;FC-TRU;FC-UB;PE-SE;PE-SI;PE-TRU;PE-UB;SE-SI;SE-TRU;SE-UB;SI-TRU;SI-UB;TRU-UB
S044,10,35,false,441.0,ANX-ATT;ANX-BI;ANX-EE;ANX-FC;ANX-PE;ANX-SE;ANX-SI;ANX-TRU;ANX-UB;ATT-BI;ATT-SE;ATT-TRU;ATT-UB;BI-EE;BI-FC;BI-PE;BI-SE;BI-SI;BI-TRU;BI-UB;EE-SE;EE-TRU;EE-UB;FC-SE;FC-TRU;FC-UB;PE-SE;PE-TRU;PE-UB;SE-SI;SE-TRU;SE-UB;SI-TRU;SI-UB;TRU-UB
S045,10,35,false,184.0,ANX-ATT;ANX-BI;ANX-EE;ANX-FC;ANX-PE;ANX-SE;ANX-SI;ANX-TRU;ANX-UB;ATT-FC;ATT-SE;ATT-SI;ATT-TRU;BI-FC;BI-SE;BI-SI;BI-TRU;EE-FC;EE-SE;EE-SI;EE-TRU;FC-PE;FC-SE;FC-SI;FC-TRU;FC-UB;PE-SE;PE-SI;PE-TRU;SE-SI;SE-TRU;SE-UB;SI-TRU;SI-UB;TRU-UB
S046,15,30,false,361.0,ANX-ATT;ANX-FC;ANX-TRU;ANX-UB;ATT-BI;ATT-EE;ATT-FC;ATT-PE;ATT-SE;ATT-SI;ATT-TRU;ATT-UB;BI-FC;BI-TRU;BI-UB;EE-FC;EE-TRU;EE-UB;FC-PE;FC-SE;FC-SI;FC-TRU;FC-UB;PE-TRU;PE-UB;SE-TRU;SE-UB;SI-TRU;SI-UB;TRU-UB
S047,10,35,false,359.0,ANX-ATT;ANX-BI;ANX-EE;ANX-FC;ANX-PE;ANX-SE;ANX-SI;ANX-TRU;ANX-UB;ATT-BI;ATT-EE;ATT-FC;ATT-PE;ATT-SE;ATT-SI;ATT-TRU;ATT-UB;BI-SE;BI-TRU;BI-UB;EE-SE;EE-TRU;EE-UB;FC-SE;FC-TRU;FC-UB;PE-SE;PE-TRU;PE-UB;SE-SI;SE-TRU;SE-UB;SI-TRU;SI-UB;TRU-UB
S048,21,24,false,355.0,ANX-ATT;ANX-BI;ANX-EE;ANX-FC;ANX-PE;ANX-SE;ANX-SI;ANX-TRU;ANX-UB;ATT-SE;BI-FC;BI-PE;BI-SE;BI-SI;EE-SE;EE-UB;FC-SE;FC-UB;PE-SE;SE-SI;SE-TRU;SE-UB;SI-UB;TRU-UB
S049,15,30,false,419.0,ANX-ATT;ANX-BI;ANX-EE;ANX-FC;ANX-PE;ANX-SE;ANX-SI;ANX-TRU;ANX-UB;ATT-BI;ATT-EE;ATT-FC;ATT-PE;ATT-SE;ATT-SI;ATT-TRU;ATT-UB;BI-SE;BI-TRU;EE-SE;EE-TRU;FC-SE;FC-TRU;PE-SE;PE-TRU;SE-SI;SE-TRU;SE-UB;SI-TRU;TRU-UB
S050,15,30,false,500.0,ANX-ATT;ANX-BI;ANX-EE;ANX-FC;ANX-PE;ANX-SE;ANX-SI;ANX-TRU;ANX-UB;ATT-BI;ATT-EE;ATT-FC;ATT-PE;ATT-SE;ATT-SI;ATT-TRU;ATT-UB;BI-SE;BI-TRU;EE-SE;EE-TRU;FC-SE;FC-TRU;PE-SE;PE-TRU;SE-SI;SE-TRU;SE-UB;SI-TRU;TRU-UB
S051,21,24,false,524.0,ANX-ATT;ANX-SE;ANX-TRU;ATT-BI;ATT-EE;ATT-FC;ATT-PE;ATT-SE;ATT-SI;ATT-TRU;ATT-UB;BI-SE;BI-TRU;EE-SE;EE-TRU;FC-SE;FC-TRU;PE-SE;PE-TRU;SE-SI;SE-TRU;SE-UB;SI-TRU;TRU-UB
S052,10,35,false,524.0,ANX-ATT;ANX-BI;ANX-EE;ANX-FC;ANX-PE;ANX-SE;ANX-SI;ANX-TRU;ANX-UB;ATT-BI;ATT-EE;ATT-FC;ATT-PE;ATT-SE;ATT-SI;ATT-TRU;ATT-UB;BI-SE;BI-TRU;BI-UB;EE-SE;EE-TRU;EE-UB;FC-SE;FC-TRU;FC-UB;PE-SE;PE-TRU;PE-UB;SE-SI;SE-TRU;SE-UB;SI-TRU;SI-UB;TRU-UB
S053,10,35,false,445.0,ANX-ATT;ANX-BI;ANX-EE;ANX-FC;ANX-PE;ANX-SE;ANX-SI;ANX-TRU;ANX-UB;ATT-BI;ATT-EE;ATT-FC;ATT-PE;ATT-SE;ATT-SI;ATT-TRU;ATT-UB;BI-FC;BI-SI;BI-TRU;EE-FC;EE-SI;EE-TRU;FC-PE;FC-SE;FC-SI;FC-TRU;FC-UB;PE-SI;PE-TRU;SE-SI;SE-TRU;SI-TRU;SI-UB;TRU-UB
S054,10,35,false,646.0,ANX-ATT;ANX-BI;ANX-EE;ANX-FC;ANX-PE;ANX-SE;ANX-SI;ANX-TRU;ANX-UB;ATT-BI;ATT-EE;ATT-FC;ATT-PE;ATT-SE;ATT-SI;ATT-TRU;ATT-UB;BI-SE;BI-TRU;BI-UB;EE-SE;EE-TRU;EE-UB;FC-SE;FC-TRU;FC-UB;PE-SE;PE-TRU;PE-UB;SE-SI;SE-TRU;SE-UB;SI-TRU;SI-UB;TRU-UB
S055,21,24,false,486.0,ANX-ATT;ANX-BI;ANX-EE;ANX-FC;ANX-PE;ANX-SE;ANX-SI;ANX-TRU;ANX-UB;ATT-SE;ATT-TRU;BI-SE;BI-TRU;EE-SE;EE-TRU;FC-SE;FC-TRU;PE-SE;PE-TRU;SE-SI;SE-TRU;SE-UB;SI-TRU;TRU-UB
S057,28,17,false,582.0,ANX-TRU;ANX-UB;ATT-TRU;ATT-UB;BI-TRU;BI-UB;EE-TRU;EE-UB;FC-TRU;FC-UB;PE-TRU;PE-UB;SE-TRU;SE-UB;SI-TRU;SI-UB;TRU-UB
S058,6,39,false,485.0;541.0,ANX-ATT;ANX-BI;ANX-EE;ANX-FC;ANX-PE;ANX-SE;ANX-SI;ANX-TRU;ANX-UB;ATT-FC;ATT-SE;ATT-SI;ATT-TRU;ATT-UB;BI-FC;BI-SE;BI-SI;BI-TRU;BI-UB;EE-FC;EE-SE;EE-SI;EE-TRU;EE-UB;FC-PE;FC-SE;FC-SI;FC-TRU;FC-UB;PE-SE;PE-SI;PE-TRU;PE-UB;SE-SI;SE-TRU;SE-UB;SI-TRU;SI-UB;TRU-UB
S059,6,39,false,645.0,ANX-ATT;ANX-BI;ANX-EE;ANX-FC;ANX-PE;ANX-SE;ANX-SI;ANX-TRU;ANX-UB;ATT-FC;ATT-SE;ATT-SI;ATT-TRU;ATT-UB;BI-EE;BI-PE;BI-SE;BI-SI;BI-TRU;BI-UB;EE-SE;EE-SI;EE-TRU;EE-UB;FC-PE;FC-SE;FC-SI;FC-TRU;FC-UB;PE-SE;PE-SI;PE-TRU;PE-UB;SE-SI;SE-TRU;SE-UB;SI-TRU;SI-UB;TRU-UB
S060,15,30,false,415.0,ANX-ATT;ANX-BI;ANX-EE;ANX-FC;ANX-PE;ANX-SE;ANX-SI;ANX-TRU;ANX-UB;ATT-SE;ATT-TRU;ATT-UB;BI-SE;BI-TRU;BI-UB;EE-SE;EE-TRU;EE-UB;FC-SE;FC-TRU;FC-UB;PE-SE;PE-TRU;PE-UB;SE-SI;SE-TRU;SE-UB;SI-TRU;SI-UB;TRU-UB
S061,7,38,false,473.0,ANX-ATT;ANX-BI;ANX-EE;ANX-FC;ANX-PE;ANX-SE;ANX-SI;ANX-TRU;ANX-UB;ATT-BI;ATT-EE;ATT-FC;ATT-PE;ATT-SE;ATT-SI;ATT-TRU;ATT-UB;BI-SE;BI-TRU;BI-UB;EE-FC;EE-SE;EE-TRU;EE-UB;FC-PE;FC-SE;FC-SI;FC-TRU;FC-UB;PE-SE;PE-TRU;PE-UB;SE-SI;SE-TRU;SE-UB;SI-TRU;SI-UB;TRU-UB
S062,6,39,false,729.0,ANX-ATT;ANX-BI;ANX-EE;ANX-FC;ANX-PE;ANX-SE;ANX-SI;ANX-TRU;ANX-UB;ATT-BI;ATT-FC;ATT-SE;ATT-SI;ATT-TRU;BI-EE;BI-FC;BI-PE;BI-SE;BI-SI;BI-TRU;BI-UB;EE-FC;EE-SE;EE-SI;EE-TRU;FC-PE;FC-SE;FC-SI;FC-TRU;FC-UB;PE-SE;PE-SI;PE-TRU;SE-SI;SE-TRU;SE-UB;SI-TRU;SI-UB;TRU-UB
S063,10,35,false,388.0,ANX-ATT;ANX-BI;ANX-EE;ANX-FC;ANX-PE;ANX-SE;ANX-SI;ANX-TRU;ANX-UB;ATT-FC;ATT-SE;ATT-SI;ATT-TRU;BI-FC;BI-SE;BI-SI;BI-TRU;EE-FC;EE-SE;EE-SI;EE-TRU;FC-PE;FC-SE;FC-SI;FC-TRU;FC-UB;PE-SE;PE-SI;PE-TRU;SE-SI;SE-TRU;SE-UB;SI-TRU;SI-UB;TRU-UB
S065,10,35,false,517.0,ANX-ATT;ANX-BI;ANX-EE;ANX-FC;ANX-PE;ANX-SE;ANX-SI;ANX-TRU;ANX-UB;ATT-FC;ATT-SE;ATT-SI;ATT-TRU;BI-FC;BI-SE;BI-SI;BI-TRU;EE-FC;EE-SE;EE-SI;EE-TRU;FC-PE;FC-SE;FC-SI;FC-TRU;FC-UB;PE-SE;PE-SI;PE-TRU;SE-SI;SE-TRU;SE-UB;SI-TRU;SI-UB;TRU-UB
S066,13,32,false,175.0;300.0,ANX-ATT;ANX-SE;ANX-UB;ATT-BI;ATT-EE;ATT-FC;ATT-PE;ATT-SE;ATT-SI;ATT-TRU;ATT-UB;BI-SE;EE-FC;EE-PE;EE-SE;EE-SI;EE-TRU;FC-PE;FC-SE;FC-SI;FC-TRU;FC-UB;PE-SE;PE-SI;PE-TRU;PE-UB;SE-SI;SE-TRU;SE-UB;SI-TRU;SI-UB;TRU-UB
S067,15,30,false,598.0,ANX-ATT;ANX-BI;ANX-EE;ANX-FC;ANX-PE;ANX-SE;ANX-SI;ANX-TRU;ANX-UB;ATT-FC;ATT-SE;ATT-UB;BI-FC;BI-SE;BI-UB;EE-FC;EE-SE;EE-UB;FC-PE;FC-SE;FC-SI;FC-TRU;FC-UB;PE-SE;PE-UB;SE-SI;SE-TRU;SE-UB;SI-UB;TRU-UB
S069,6,39,false,597.0,ANX-ATT;ANX-BI;ANX-EE;ANX-FC;ANX-PE;ANX-SE;ANX-SI;ANX-TRU;ANX-UB;ATT-BI;ATT-EE;ATT-FC;ATT-PE;ATT-SE;ATT-SI;ATT-TRU;ATT-UB;BI-FC;BI-SE;BI-TRU;BI-UB;EE-FC;EE-SE;EE-TRU;EE-UB;FC-PE;FC-SE;FC-SI;FC-TRU;FC-UB;PE-SE;PE-TRU;PE-UB;SE-SI;SE-TRU;SE-UB;SI-TRU;SI-UB;TRU-UB
S070,15,30,false,245.0,ANX-ATT;ANX-BI;ANX-EE;ANX-FC;ANX-PE;ANX-SE;ANX-SI;ANX-TRU;ANX-UB;ATT-BI;ATT-EE;ATT-FC;ATT-PE;ATT-SE;ATT-SI;ATT-TRU;ATT-UB;BI-SE;BI-TRU;EE-SE;EE-TRU;FC-SE;FC-TRU;PE-SE;PE-TRU;SE-SI;SE-TRU;SE-UB;SI-TRU;TRU-UB
S072,26,19,false,500.0,ANX-ATT;ANX-SE;ANX-TRU;ATT-SE;ATT-TRU;ATT-UB;BI-SE;BI-TRU;EE-SE;EE-TRU;FC-SE;FC-TRU;PE-SE;PE-TRU;SE-SI;SE-TRU;SE-UB;SI-TRU;TRU-UB
S074,15,30,false,1260.0,ANX-FC;ANX-SI;ANX-TRU;ANX-UB;ATT-FC;ATT-SI;ATT-TRU;ATT-UB;BI-FC;BI-SI;BI-TRU;BI-UB;EE-FC;EE-SI;EE-TRU;EE-UB;FC-PE;FC-SE;FC-SI;FC-TRU;FC-UB;PE-SI;PE-TRU;PE-UB;SE-SI;SE-TRU;SE-UB;SI-TRU;SI-UB;TRU-UB
S075,15,30,false,402.0,ANX-ATT;ANX-BI;ANX-EE;ANX-FC;ANX-PE;ANX-SE;ANX-SI;ANX-TRU;ANX-UB;ATT-BI;ATT-EE;ATT-FC;ATT-PE;ATT-SE;ATT-SI;ATT-TRU;ATT-UB;BI-SE;BI-TRU;EE-SE;EE-TRU;FC-SE;FC-TRU;PE-SE;PE-TRU;SE-SI;SE-TRU;SE-UB;SI-TRU;TRU-UB
S076,15,30,false,526.0,ANX-ATT;ANX-BI;ANX-EE;ANX-FC;ANX-PE;ANX-SE;ANX-SI;ANX-TRU;ANX-UB;ATT-SE;ATT-TRU;ATT-UB;BI-SE;BI-TRU;BI-UB;EE-SE;EE-TRU;EE-UB;FC-SE;FC-TRU;FC-UB;PE-SE;PE-TRU;PE-UB;SE-SI;SE-TRU;SE-UB;SI-TRU;SI-UB;TRU-UB
S077,10,35,false,308.0,ANX-ATT;ANX-BI;ANX-EE;ANX-FC;ANX-PE;ANX-SE;ANX-SI;ANX-TRU;ANX-UB;ATT-FC;ATT-SE;ATT-TRU;ATT-UB;BI-FC;BI-SE;BI-TRU;BI-UB;EE-FC;EE-SE;EE-TRU;EE-UB;FC-PE;FC-SE;FC-SI;FC-TRU;FC-UB;PE-SE;PE-TRU;PE-UB;SE-SI;SE-TRU;SE-UB;SI-TRU;SI-UB;TRU-UB
S078,6,39,false,668.0,ANX-ATT;ANX-BI;ANX-EE;ANX-FC;ANX-PE;ANX-SE;ANX-SI;ANX-TRU;ANX-UB;ATT-EE;ATT-FC;ATT-PE;ATT-TRU;ATT-UB;BI-EE;BI-FC;BI-PE;BI-TRU;BI-UB;EE-FC;EE-PE;EE-SE;EE-SI;EE-TRU;EE-UB;FC-PE;FC-SE;FC-SI;FC-TRU;FC-UB;PE-SE;PE-SI;PE-TRU;PE-UB;SE-TRU;SE-UB;SI-TRU;SI-UB;TRU-UB
S080,4,41,false,251.0,ANX-ATT;ANX-BI;ANX-EE;ANX-FC;ANX-PE;ANX-SE;ANX-SI;ANX-TRU;ANX-UB;ATT-BI;ATT-EE;ATT-FC;ATT-PE;ATT-SE;ATT-SI;ATT-TRU;ATT-UB;BI-SE;BI-TRU;BI-UB;EE-FC;EE-PE;EE-SE;EE-SI;EE-TRU;EE-UB;FC-PE;FC-SE;FC-SI;FC-TRU;FC-UB;PE-SE;PE-SI;PE-TRU;PE-UB;SE-SI;SE-TRU;SE-UB;SI-TRU;SI-UB;TRU-UB
S081,10,35,false,305.0,ANX-ATT;ANX-BI;ANX-EE;ANX-FC;ANX-PE;ANX-SE;ANX-SI;ANX-TRU;ANX-UB;ATT-BI;ATT-EE;ATT-FC;ATT-PE;ATT-SE;ATT-SI;ATT-TRU;ATT-UB;BI-SE;BI-TRU;BI-UB;EE-SE;EE-TRU;EE-UB;FC-SE;FC-TRU;FC-UB;PE-SE;PE-TRU;PE-UB;SE-SI;SE-TRU;SE-UB;SI-TRU;SI-UB;TRU-UB
S082,10,35,false,308.0,ANX-ATT;ANX-BI;ANX-EE;ANX-FC;ANX-PE;ANX-SE;ANX-SI;ANX-TRU;ANX-UB;ATT-BI;ATT-EE;ATT-FC;ATT-PE;ATT-SE;ATT-SI;ATT-TRU;ATT-UB;BI-SE;BI-TRU;BI-UB;EE-SE;EE-TRU;EE-UB;FC-SE;FC-TRU;FC-UB;PE-SE;PE-TRU;PE-UB;SE-SI;SE-TRU;SE-UB;SI-TRU;SI-UB;TRU-UB
S083,6,39,false,425.0,ANX-ATT;ANX-BI;ANX-EE;ANX-FC;ANX-PE;ANX-SE;ANX-SI;ANX-TRU;ANX-UB;ATT-FC;ATT-SE;ATT-SI;ATT-TRU;ATT-UB;BI-FC;BI-SE;BI-SI;BI-TRU;BI-UB;EE-FC;EE-SE;EE-SI;EE-TRU;EE-UB;FC-PE;FC-SE;FC-SI;FC-TRU;FC-UB;PE-SE;PE-SI;PE-TRU;PE-UB;SE-SI;SE-TRU;SE-UB;SI-TRU;SI-UB;TRU-UB
S086,21,24,false,235.0,ANX-ATT;ANX-BI;ANX-EE;ANX-FC;ANX-PE;ANX-SE;ANX-SI;ANX-TRU;ANX-UB;ATT-BI;ATT-EE;ATT-FC;ATT-PE;ATT-SE;ATT-SI;ATT-TRU;ATT-UB;BI-SE;EE-SE;FC-SE;PE-SE;SE-SI;SE-TRU;SE-UB
S087,15,30,false,620.0,ANX-ATT;ANX-BI;ANX-EE;ANX-FC;ANX-PE;ANX-SE;ANX-SI;ANX-TRU;ANX-UB;ATT-SE;ATT-TRU;ATT-UB;BI-SE;BI-TRU;BI-UB;EE-SE;EE-TRU;EE-UB;FC-SE;FC-TRU;FC-UB;PE-SE;PE-TRU;PE-UB;SE-SI;SE-TRU;SE-UB;SI-TRU;SI-UB;TRU-UB
S088,21,24,false,353.0,ANX-ATT;ANX-BI;ANX-EE;ANX-FC;ANX-PE;ANX-SE;ANX-SI;ANX-TRU;ANX-UB;ATT-BI;ATT-EE;ATT-FC;ATT-PE;ATT-SE;ATT-SI;ATT-TRU;ATT-UB;BI-SE;EE-SE;FC-SE;PE-SE;SE-SI;SE-TRU;SE-UB
S089,5,40,false,322.0,ANX-ATT;ANX-BI;ANX-EE;ANX-FC;ANX-PE;ANX-SE;ANX-SI;ANX-TRU;ANX-UB;ATT-BI;ATT-EE;ATT-FC;ATT-PE;ATT-SE;ATT-SI;ATT-TRU;ATT-UB;BI-FC;BI-SE;BI-SI;BI-TRU;EE-FC;EE-PE;EE-SE;EE-SI;EE-TRU;FC-PE;FC-SE;FC-SI;FC-TRU;FC-UB;PE-SE;PE-SI;PE-TRU;SE-SI;SE-TRU;SE-UB;SI-TRU;SI-UB;TRU-UB
S090,3,42,false,681.0,ANX-ATT;ANX-BI;ANX-EE;ANX-FC;ANX-PE;ANX-SE;ANX-SI;ANX-TRU;ANX-UB;ATT-BI;ATT-EE;ATT-FC;ATT-PE;ATT-SE;ATT-SI;ATT-TRU;ATT-UB;BI-EE;BI-FC;BI-PE;BI-SE;BI-SI;BI-TRU;BI-UB;EE-FC;EE-SE;EE-SI;EE-TRU;FC-PE;FC-SE;FC-SI;FC-TRU;FC-UB;PE-SE;PE-SI;PE-TRU;SE-SI;SE-TRU;SE-UB;SI-TRU;SI-UB;TRU-UB
S091,6,39,false,382.0,ANX-ATT;ANX-BI;ANX-EE;ANX-FC;ANX-PE;ANX-SE;ANX-SI;ANX-TRU;ANX-UB;ATT-EE;ATT-SE;ATT-SI;ATT-TRU;ATT-UB;BI-EE;BI-SE;BI-SI;BI-TRU;BI-UB;EE-FC;EE-PE;EE-SE;EE-SI;EE-TRU;EE-UB;FC-SE;FC-SI;FC-TRU;FC-UB;PE-SE;PE-SI;PE-TRU;PE-UB;SE-SI;SE-TRU;SE-UB;SI-TRU;SI-UB;TRU-UB
S093,6,39,false,127.0,ANX-ATT;ANX-BI;ANX-EE;ANX-FC;ANX-PE;ANX-SE;ANX-SI;ANX-TRU;ANX-UB;ATT-FC;ATT-SE;ATT-SI;ATT-TRU;ATT-UB;BI-EE;BI-PE;BI-SE;BI-SI;BI-TRU;EE-PE;EE-SE;EE-SI;EE-TRU;EE-UB;FC-PE;FC-SE;FC-SI;FC-TRU;FC-UB;PE-SE;PE-SI;PE-TRU;PE-UB;SE-SI;SE-TRU;SE-UB;SI-TRU;SI-UB;TRU-UB
S095,4,41,false,1055.0,ANX-ATT;ANX-BI;ANX-EE;ANX-FC;ANX-PE;ANX-SE;ANX-SI;ANX-TRU;ANX-UB;ATT-BI;ATT-EE;ATT-FC;ATT-PE;ATT-SE;ATT-SI;ATT-TRU;ATT-UB;BI-EE;BI-FC;BI-PE;BI-SE;BI-SI;BI-TRU;BI-UB;EE-SE;EE-SI;EE-TRU;EE-UB;FC-PE;FC-SE;FC-TRU;FC-UB;PE-SE;PE-TRU;PE-UB;SE-SI;SE-TRU;SE-UB;SI-TRU;SI-UB;TRU-UB
S096,1,44,false,264.0,ANX-BI;ANX-EE;ANX-FC;ANX-PE;ANX-SE;ANX-SI;ANX-TRU;ANX-UB;ATT-BI;ATT-EE;ATT-FC;ATT-PE;ATT-SE;ATT-SI;ATT-TRU;ATT-UB;BI-EE;BI-FC;BI-PE;BI-SE;BI-SI;BI-TRU;BI-UB;EE-FC;EE-PE;EE-SE;EE-SI;EE-TRU;EE-UB;FC-PE;FC-SE;FC-SI;FC-TRU;FC-UB;PE-SE;PE-SI;PE-TRU;PE-UB;SE-SI;SE-TRU;SE-UB;SI-TRU;SI-UB;TRU-UB
S097,10,35,false,210.0,ANX-ATT;ANX-BI;ANX-EE;ANX-FC;ANX-PE;ANX-SE;ANX-SI;ANX-TRU;ANX-UB;ATT-FC;ATT-SE;ATT-SI;ATT-TRU;BI-FC;BI-SE;BI-SI;BI-TRU;EE-FC;EE-SE;EE-SI;EE-TRU;FC-PE;FC-SE;FC-SI;FC-TRU;FC-UB;PE-SE;PE-SI;PE-TRU;SE-SI;SE-TRU;SE-UB;SI-TRU;SI-UB;TRU-UB
S098,3,42,false,482.0,ANX-ATT;ANX-BI;ANX-EE;ANX-FC;ANX-PE;ANX-SE;ANX-SI;ANX-TRU;ANX-UB;ATT-BI;ATT-EE;ATT-FC;ATT-PE;ATT-SE;ATT-SI;ATT-TRU;ATT-UB;BI-EE;BI-FC;BI-PE;BI-SE;BI-SI;BI-TRU;BI-UB;EE-FC;EE-PE;EE-SE;EE-SI;EE-TRU;EE-UB;FC-PE;FC-SE;FC-SI;FC-TRU;FC-UB;PE-TRU;PE-UB;SE-TRU;SE-UB;SI-TRU;SI-UB;TRU-UB
S100,3,42,false,682 / 40;682.0,ANX-ATT;ANX-BI;ANX-EE;ANX-FC;ANX-PE;ANX-SE;ANX-SI;ANX-TRU;ANX-UB;ATT-BI;ATT-EE;ATT-FC;ATT-PE;ATT-SE;ATT-SI;ATT-TRU;ATT-UB;BI-EE;BI-FC;BI-PE;BI-SE;BI-SI;EE-FC;EE-PE;EE-SE;EE-SI;EE-TRU;EE-UB;FC-PE;FC-SE;FC-SI;FC-TRU;FC-UB;PE-SE;PE-SI;PE-TRU;PE-UB;SE-SI;SE-TRU;SE-UB;SI-TRU;SI-UB
S102,10,35,false,284.0,ANX-ATT;ANX-FC;ANX-SE;ANX-SI;ANX-UB;ATT-BI;ATT-EE;ATT-FC;ATT-PE;ATT-SE;ATT-SI;ATT-TRU;ATT-UB;BI-FC;BI-SE;BI-SI;BI-UB;EE-FC;EE-SE;EE-SI;EE-UB;FC-PE;FC-SE;FC-SI;FC-TRU;FC-UB;PE-SE;PE-SI;PE-UB;SE-SI;SE-TRU;SE-UB;SI-TRU;SI-UB;TRU-UB
S103,10,35,false,770.0,ANX-ATT;ANX-BI;ANX-EE;ANX-FC;ANX-PE;ANX-SE;ANX-SI;ANX-TRU;ANX-UB;ATT-EE;ATT-SE;ATT-TRU;ATT-UB;BI-EE;BI-SE;BI-TRU;BI-UB;EE-FC;EE-PE;EE-SE;EE-SI;EE-TRU;EE-UB;FC-SE;FC-TRU;FC-UB;PE-SE;PE-TRU;PE-UB;SE-SI;SE-TRU;SE-UB;SI-TRU;SI-UB;TRU-UB
S108,1,44,false,114.0,ANX-ATT;ANX-BI;ANX-EE;ANX-FC;ANX-PE;ANX-SE;ANX-SI;ANX-TRU;ANX-UB;ATT-BI;ATT-EE;ATT-FC;ATT-PE;ATT-SE;ATT-SI;ATT-TRU;ATT-UB;BI-EE;BI-FC;BI-PE;BI-SE;BI-SI;BI-TRU;BI-UB;EE-FC;EE-SE;EE-SI;EE-TRU;EE-UB;FC-PE;FC-SE;FC-SI;FC-TRU;FC-UB;PE-SE;PE-SI;PE-TRU;PE-UB;SE-SI;SE-TRU;SE-UB;SI-TRU;SI-UB;TRU-UB
S110,3,42,false,353.0,ANX-ATT;ANX-BI;ANX-EE;ANX-FC;ANX-PE;ANX-SE;ANX-SI;ANX-TRU;ANX-UB;ATT-BI;ATT-EE;ATT-FC;ATT-PE;ATT-SE;ATT-SI;ATT-TRU;ATT-UB;BI-FC;BI-SE;BI-TRU;BI-UB;EE-FC;EE-PE;EE-SE;EE-SI;EE-TRU;EE-UB;FC-PE;FC-SE;FC-SI;FC-TRU;FC-UB;PE-SE;PE-SI;PE-TRU;PE-UB;SE-SI;SE-TRU;SE-UB;SI-TRU;SI-UB;TRU-UB
S111,6,39,false,224.0,ANX-ATT;ANX-BI;ANX-EE;ANX-FC;ANX-PE;ANX-SE;ANX-SI;ANX-TRU;ANX-UB;ATT-BI;ATT-EE;ATT-FC;ATT-PE;ATT-SE;ATT-SI;ATT-TRU;ATT-UB;BI-EE;BI-FC;BI-TRU;BI-UB;EE-FC;EE-PE;EE-SE;EE-SI;EE-TRU;EE-UB;FC-PE;FC-SE;FC-SI;FC-TRU;FC-UB;PE-TRU;PE-UB;SE-TRU;SE-UB;SI-TRU;SI-UB;TRU-UB
S112,7,38,false,500.0,ANX-ATT;ANX-BI;ANX-EE;ANX-FC;ANX-PE;ANX-SE;ANX-SI;ANX-TRU;ANX-UB;ATT-BI;ATT-EE;ATT-FC;ATT-PE;ATT-SE;ATT-SI;ATT-TRU;ATT-UB;BI-SE;BI-TRU;BI-UB;EE-SE;EE-SI;EE-TRU;EE-UB;FC-PE;FC-SE;FC-SI;FC-TRU;FC-UB;PE-SE;PE-TRU;PE-UB;SE-SI;SE-TRU;SE-UB;SI-TRU;SI-UB;TRU-UB
S113,6,39,false,118.0,ANX-ATT;ANX-BI;ANX-EE;ANX-FC;ANX-PE;ANX-SE;ANX-SI;ANX-TRU;ANX-UB;ATT-BI;ATT-EE;ATT-FC;ATT-PE;ATT-SE;ATT-SI;ATT-TRU;ATT-UB;BI-FC;BI-SI;BI-TRU;BI-UB;EE-FC;EE-SI;EE-TRU;EE-UB;FC-PE;FC-SE;FC-SI;FC-TRU;FC-UB;PE-SI;PE-TRU;PE-UB;SE-SI;SE-TRU;SE-UB;SI-TRU;SI-UB;TRU-UB
S114,15,30,false,255.0,ANX-ATT;ANX-BI;ANX-EE;ANX-FC;ANX-PE;ANX-SE;ANX-SI;ANX-TRU;ANX-UB;ATT-BI;ATT-EE;ATT-FC;ATT-PE;ATT-SE;ATT-SI;ATT-TRU;ATT-UB;BI-SE;BI-TRU;EE-SE;EE-TRU;FC-SE;FC-TRU;PE-SE;PE-TRU;SE-SI;SE-TRU;SE-UB;SI-TRU;TRU-UB
S115,6,39,false,112.0,ANX-ATT;ANX-BI;ANX-EE;ANX-FC;ANX-PE;ANX-SE;ANX-SI;ANX-TRU;ANX-UB;ATT-FC;ATT-SE;ATT-SI;ATT-TRU;ATT-UB;BI-FC;BI-SE;BI-SI;BI-TRU;BI-UB;EE-FC;EE-SE;EE-SI;EE-TRU;EE-UB;FC-PE;FC-SE;FC-SI;FC-TRU;FC-UB;PE-SE;PE-SI;PE-TRU;PE-UB;SE-SI;SE-TRU;SE-UB;SI-TRU;SI-UB;TRU-UB
S116,15,30,false,8496.0,ANX-ATT;ANX-BI;ANX-EE;ANX-FC;ANX-PE;ANX-SE;ANX-SI;ANX-TRU;ANX-UB;ATT-BI;ATT-EE;ATT-FC;ATT-PE;ATT-SE;ATT-SI;ATT-TRU;ATT-UB;BI-SE;BI-TRU;EE-SE;EE-TRU;FC-SE;FC-TRU;PE-SE;PE-TRU;SE-SI;SE-TRU;SE-UB;SI-TRU;TRU-UB
S119,10,35,false,432.0,ANX-ATT;ANX-BI;ANX-EE;ANX-FC;ANX-PE;ANX-SE;ANX-SI;ANX-TRU;ANX-UB;ATT-BI;ATT-EE;ATT-FC;ATT-PE;ATT-SE;ATT-SI;ATT-TRU;ATT-UB;BI-SE;BI-TRU;BI-UB;EE-SE;EE-TRU;EE-UB;FC-SE;FC-TRU;FC-UB;PE-SE;PE-TRU;PE-UB;SE-SI;SE-TRU;SE-UB;SI-TRU;SI-UB;TRU-UB
S120,5,40,false,351.0,ANX-ATT;ANX-BI;ANX-EE;ANX-FC;ANX-PE;ANX-SE;ANX-SI;ANX-TRU;ANX-UB;ATT-BI;ATT-EE;ATT-FC;ATT-PE;ATT-SE;ATT-SI;ATT-TRU;ATT-UB;BI-SE;BI-TRU;EE-FC;EE-PE;EE-SE;EE-SI;EE-TRU;EE-UB;FC-PE;FC-SE;FC-SI;FC-TRU;FC-UB;PE-SE;PE-SI;PE-TRU;PE-UB;SE-SI;SE-TRU;SE-UB;SI-TRU;SI-UB;TRU-UB
S121-1,21,24,false,,ANX-ATT;ANX-BI;ANX-EE;ANX-FC;ANX-PE;ANX-SE;ANX-SI;ANX-TRU;ANX-UB;ATT-BI;ATT-EE;ATT-FC;ATT-PE;ATT-SE;ATT-SI;ATT-TRU;ATT-UB;BI-SE;EE-SE;FC-SE;PE-SE;SE-SI;SE-TRU;SE-UB
S121-2,21,24,false,,ANX-ATT;ANX-BI;ANX-EE;ANX-FC;ANX-PE;ANX-SE;ANX-SI;ANX-TRU;ANX-UB;ATT-BI;ATT-EE;ATT-FC;ATT-PE;ATT-SE;ATT-SI;ATT-TRU;ATT-UB;BI-SE;EE-SE;FC-SE;PE-SE;SE-SI;SE-TRU;SE-UB
S122,10,35,false,842.0,ANX-ATT;ANX-BI;ANX-EE;ANX-FC;ANX-PE;ANX-SE;ANX-SI;ANX-TRU;ANX-UB;ATT-BI;ATT-EE;ATT-FC;ATT-PE;ATT-SE;ATT-SI;ATT-TRU;ATT-UB;BI-SE;BI-TRU;BI-UB;EE-SE;EE-TRU;EE-UB;FC-SE;FC-TRU;FC-UB;PE-SE;PE-TRU;PE-UB;SE-SI;SE-TRU;SE-UB;SI-TRU;SI-UB;TRU-UB
S123,3,42,false,711.0,ANX-ATT;ANX-BI;ANX-EE;ANX-FC;ANX-PE;ANX-SE;ANX-SI;ANX-TRU;ANX-UB;ATT-BI;ATT-EE;ATT-FC;ATT-PE;ATT-SE;ATT-SI;ATT-TRU;ATT-UB;BI-FC;BI-SE;BI-SI;BI-TRU;BI-UB;EE-FC;EE-SE;EE-SI;EE-TRU;EE-UB;FC-PE;FC-SE;FC-SI;FC-TRU;FC-UB;PE-SE;PE-SI;PE-TRU;PE-UB;SE-SI;SE-TRU;SE-UB;SI-TRU;SI-UB;TRU-UB
S125,15,30,false,498.0,ANX-ATT;ANX-BI;ANX-EE;ANX-FC;ANX-PE;ANX-SE;ANX-SI;ANX-TRU;ANX-UB;ATT-SI;ATT-TRU;ATT-UB;BI-SI;BI-TRU;BI-UB;EE-SI;EE-TRU;EE-UB;FC-SI;FC-TRU;FC-UB;PE-SI;PE-TRU;PE-UB;SE-SI;SE-TRU;SE-UB;SI-TRU;SI-UB;TRU-UB
S126,15,30,false,194.0,ANX-ATT;ANX-BI;ANX-EE;ANX-FC;ANX-PE;ANX-SE;ANX-SI;ANX-TRU;ANX-UB;ATT-BI;ATT-EE;ATT-FC;ATT-PE;ATT-SE;ATT-SI;ATT-TRU;ATT-UB;BI-SE;BI-TRU;EE-SE;EE-TRU;FC-SE;FC-TRU;PE-SE;PE-TRU;SE-SI;SE-TRU;SE-UB;SI-TRU;TRU-UB
S127,15,30,false,265.0,ANX-ATT;ANX-FC;ANX-TRU;ANX-UB;ATT-BI;ATT-EE;ATT-FC;ATT-PE;ATT-SE;ATT-SI;ATT-TRU;ATT-UB;BI-FC;BI-TRU;BI-UB;EE-FC;EE-TRU;EE-UB;FC-PE;FC-SE;FC-SI;FC-TRU;FC-UB;PE-TRU;PE-UB;SE-TRU;SE-UB;SI-TRU;SI-UB;TRU-UB
S128,15,30,false,395.0,ANX-ATT;ANX-BI;ANX-EE;ANX-FC;ANX-PE;ANX-SE;ANX-SI;ANX-TRU;ANX-UB;ATT-BI;ATT-EE;ATT-FC;ATT-PE;ATT-SE;ATT-SI;ATT-TRU;ATT-UB;BI-SE;BI-TRU;EE-SE;EE-TRU;FC-SE;FC-TRU;PE-SE;PE-TRU;SE-SI;SE-TRU;SE-UB;SI-TRU;TRU-UB
S129,9,36,false,300.0,ANX-ATT;ANX-BI;ANX-EE;ANX-FC;ANX-PE;ANX-SE;ANX-SI;ANX-TRU;ANX-UB;ATT-BI;ATT-EE;ATT-FC;ATT-PE;ATT-SE;ATT-SI;ATT-TRU;ATT-UB;BI-FC;BI-SE;BI-TRU;EE-SE;EE-UB;FC-PE;FC-SE;FC-SI;FC-TRU;FC-UB;PE-SE;PE-TRU;PE-UB;SE-SI;SE-TRU;SE-UB;SI-TRU;SI-UB;TRU-UB
S130,10,35,false,500.0,ANX-ATT;ANX-BI;ANX-SE;ANX-SI;ANX-TRU;ATT-BI;ATT-EE;ATT-FC;ATT-PE;ATT-SE;ATT-SI;ATT-TRU;ATT-UB;BI-EE;BI-FC;BI-PE;BI-SE;BI-SI;BI-TRU;BI-UB;EE-SE;EE-SI;EE-TRU;FC-SE;FC-SI;FC-TRU;PE-SE;PE-SI;PE-TRU;SE-SI;SE-TRU;SE-UB;SI-TRU;SI-UB;TRU-UB
S133,15,30,false,611.0,ANX-ATT;ANX-BI;ANX-EE;ANX-FC;ANX-PE;ANX-SE;ANX-SI;ANX-TRU;ANX-UB;ATT-BI;ATT-EE;ATT-FC;ATT-PE;ATT-SE;ATT-SI;ATT-TRU;ATT-UB;BI-SE;BI-TRU;EE-SE;EE-TRU;FC-SE;FC-TRU;PE-SE;PE-TRU;SE-SI;SE-TRU;SE-UB;SI-TRU;TRU-UB
S134,6,39,false,484.0;506.0,ANX-ATT;ANX-BI;ANX-EE;ANX-FC;ANX-PE;ANX-SE;ANX-SI;ANX-TRU;ANX-UB;ATT-BI;ATT-EE;ATT-FC;ATT-PE;ATT-SE;ATT-SI;ATT-TRU;ATT-UB;BI-SE;BI-TRU;EE-FC;EE-PE;EE-SE;EE-SI;EE-TRU;EE-UB;FC-PE;FC-SE;FC-SI;FC-TRU;PE-SE;PE-SI;PE-TRU;PE-UB;SE-SI;SE-TRU;SE-UB;SI-TRU;SI-UB;TRU-UB
S135,10,35,false,302.0,ANX-ATT;ANX-BI;ANX-EE;ANX-FC;ANX-PE;ANX-SE;ANX-SI;ANX-TRU;ANX-UB;ATT-FC;ATT-SE;ATT-TRU;ATT-UB;BI-FC;BI-SE;BI-TRU;BI-UB;EE-FC;EE-SE;EE-TRU;EE-UB;FC-PE;FC-SE;FC-SI;FC-TRU;FC-UB;PE-SE;PE-TRU;PE-UB;SE-SI;SE-TRU;SE-UB;SI-TRU;SI-UB;TRU-UB
S136,10,35,false,105.0,ANX-ATT;ANX-BI;ANX-EE;ANX-FC;ANX-PE;ANX-SE;ANX-SI;ANX-TRU;ANX-UB;ATT-BI;ATT-EE;ATT-FC;ATT-PE;ATT-SE;ATT-SI;ATT-TRU;ATT-UB;BI-FC;BI-SE;BI-TRU;EE-FC;EE-SE;EE-TRU;FC-PE;FC-SE;FC-SI;FC-TRU;FC-UB;PE-SE;PE-TRU;SE-SI;SE-TRU;SE-UB;SI-TRU;TRU-UB
S137,15,30,false,760.0,ANX-ATT;ANX-BI;ANX-EE;ANX-FC;ANX-PE;ANX-SE;ANX-SI;ANX-TRU;ANX-UB;ATT-BI;ATT-EE;ATT-FC;ATT-PE;ATT-SE;ATT-SI;ATT-TRU;ATT-UB;BI-SE;BI-TRU;EE-SE;EE-TRU;FC-SE;FC-TRU;PE-SE;PE-TRU;SE-SI;SE-TRU;SE-UB;SI-TRU;TRU-UB
S138,28,17,false,200.0,ANX-ATT;ANX-BI;ANX-EE;ANX-FC;ANX-PE;ANX-SE;ANX-SI;ANX-TRU;ANX-UB;ATT-FC;BI-FC;EE-FC;FC-PE;FC-SE;FC-SI;FC-TRU;FC-UB
S139,6,39,false,435.0,ANX-ATT;ANX-BI;ANX-EE;ANX-FC;ANX-PE;ANX-SE;ANX-SI;ANX-TRU;ANX-UB;ATT-BI;ATT-EE;ATT-FC;ATT-PE;ATT-SE;ATT-SI;ATT-TRU;ATT-UB;BI-FC;BI-SE;BI-SI;BI-UB;EE-FC;EE-SE;EE-SI;EE-UB;FC-PE;FC-SE;FC-SI;FC-TRU;FC-UB;PE-SE;PE-SI;PE-UB;SE-SI;SE-TRU;SE-UB;SI-TRU;SI-UB;TRU-UB
S140,1,44,false,823.0,ANX-ATT;ANX-BI;ANX-EE;ANX-FC;ANX-PE;ANX-SE;ANX-SI;ANX-TRU;ANX-UB;ATT-BI;ATT-EE;ATT-FC;ATT-PE;ATT-SE;ATT-SI;ATT-TRU;ATT-UB;BI-EE;BI-FC;BI-PE;BI-SE;BI-SI;BI-UB;EE-FC;EE-PE;EE-SE;EE-SI;EE-TRU;EE-UB;FC-PE;FC-SE;FC-SI;FC-TRU;FC-UB;PE-SE;PE-SI;PE-TRU;PE-UB;SE-SI;SE-TRU;SE-UB;SI-TRU;SI-UB;TRU-UB
S141,10,35,false,793.0,ANX-ATT;ANX-BI;ANX-EE;ANX-FC;ANX-PE;ANX-SE;ANX-SI;ANX-TRU;ANX-UB;ATT-BI;ATT-EE;ATT-FC;ATT-PE;ATT-SE;ATT-SI;ATT-TRU;ATT-UB;BI-SE;BI-TRU;BI-UB;EE-SE;EE-TRU;EE-UB;FC-SE;FC-TRU;FC-UB;PE-SE;PE-TRU;PE-UB;SE-SI;SE-TRU;SE-UB;SI-TRU;SI-UB;TRU-UB
S142,6,39,false,368.0,ANX-BI;ANX-EE;ANX-PE;ANX-SE;ANX-SI;ANX-TRU;ATT-BI;ATT-EE;ATT-PE;ATT-SE;ATT-SI;ATT-TRU;BI-EE;BI-FC;BI-PE;BI-SE;BI-SI;BI-TRU;BI-UB;EE-FC;EE-PE;EE-SE;EE-SI;EE-TRU;EE-UB;FC-PE;FC-SE;FC-SI;FC-TRU;PE-SE;PE-SI;PE-TRU;PE-UB;SE-SI;SE-TRU;SE-UB;SI-TRU;SI-UB;TRU-UB
S143,10,35,false,390.0,ANX-ATT;ANX-BI;ANX-EE;ANX-FC;ANX-PE;ANX-SE;ANX-SI;ANX-TRU;ANX-UB;ATT-BI;ATT-EE;ATT-FC;ATT-PE;ATT-SE;ATT-SI;ATT-TRU;ATT-UB;BI-SE;BI-TRU;BI-UB;EE-SE;EE-TRU;EE-UB;FC-SE;FC-TRU;FC-UB;PE-SE;PE-TRU;PE-UB;SE-SI;SE-TRU;SE-UB;SI-TRU;SI-UB;TRU-UB
S145,6,39,false,374.0,ANX-ATT;ANX-BI;ANX-EE;ANX-FC;ANX-PE;ANX-SE;ANX-SI;ANX-TRU;ANX-UB;ATT-FC;ATT-PE;ATT-SE;ATT-SI;ATT-TRU;BI-FC;BI-PE;BI-SE;BI-SI;BI-TRU;EE-FC;EE-PE;EE-SE;EE-SI;EE-TRU;FC-PE;FC-SE;FC-SI;FC-TRU;FC-UB;PE-SE;PE-SI;PE-TRU;PE-UB;SE-SI;SE-TRU;SE-UB;SI-TRU;SI-UB;TRU-UB
S146,15,30,false,346.0,ANX-ATT;ANX-BI;ANX-EE;ANX-FC;ANX-PE;ANX-SE;ANX-SI;ANX-TRU;ANX-UB;ATT-BI;ATT-EE;ATT-FC;ATT-PE;ATT-SE;ATT-SI;ATT-TRU;ATT-UB;BI-FC;BI-TRU;EE-FC;EE-TRU;FC-PE;FC-SE;FC-SI;FC-TRU;FC-UB;PE-TRU;SE-TRU;SI-TRU;TRU-UB
S148,5,40,false,603.0,ANX-ATT;ANX-BI;ANX-EE;ANX-FC;ANX-PE;ANX-SE;ANX-SI;ANX-TRU;ANX-UB;ATT-FC;ATT-SE;ATT-SI;ATT-TRU;ATT-UB;BI-EE;BI-FC;BI-PE;BI-SE;BI-SI;BI-TRU;EE-FC;EE-SE;EE-SI;EE-TRU;EE-UB;FC-PE;FC-SE;FC-SI;FC-TRU;FC-UB;PE-SE;PE-SI;PE-TRU;PE-UB;SE-SI;SE-TRU;SE-UB;SI-TRU;SI-UB;TRU-UB
S149,5,40,false,254.0,ANX-ATT;ANX-BI;ANX-EE;ANX-FC;ANX-PE;ANX-SE;ANX-SI;ANX-TRU;ANX-UB;ATT-FC;ATT-SE;ATT-SI;ATT-TRU;ATT-UB;BI-EE;BI-FC;BI-PE;BI-SE;BI-SI;BI-TRU;EE-FC;EE-SE;EE-SI;EE-TRU;EE-UB;FC-PE;FC-SE;FC-SI;FC-TRU;FC-UB;PE-SE;PE-SI;PE-TRU;PE-UB;SE-SI;SE-TRU;SE-UB;SI-TRU;SI-UB;TRU-UB
S151,10,35,false,295.0,ANX-ATT;ANX-BI;ANX-EE;ANX-FC;ANX-PE;ANX-SE;ANX-SI;ANX-TRU;ANX-UB;ATT-BI;ATT-EE;ATT-FC;ATT-PE;ATT-SE;ATT-SI;ATT-TRU;ATT-UB;BI-EE;BI-FC;BI-PE;BI-SE;BI-SI;BI-TRU;BI-UB;EE-SI;EE-TRU;FC-SI;FC-TRU;PE-SI;PE-TRU;SE-SI;SE-TRU;SI-TRU;SI-UB;TRU-UB
S152,3,42,false,604.0,ANX-ATT;ANX-BI;ANX-EE;ANX-FC;ANX-PE;ANX-SE;ANX-SI;ANX-TRU;ANX-UB;ATT-EE;ATT-FC;ATT-PE;ATT-SE;ATT-SI;ATT-TRU;ATT-UB;BI-EE;BI-FC;BI-SI;BI-TRU;BI-UB;EE-FC;EE-PE;EE-SE;EE-SI;EE-TRU;EE-UB;FC-PE;FC-SE;FC-SI;FC-TRU;FC-UB;PE-SE;PE-SI;PE-TRU;PE-UB;SE-SI;SE-TRU;SE-UB;SI-TRU;SI-UB;TRU-UB
S153,10,35,false,207.0,ANX-ATT;ANX-BI;ANX-EE;ANX-FC;ANX-PE;ANX-SE;ANX-SI;ANX-TRU;ANX-UB;ATT-BI;ATT-EE;ATT-FC;ATT-PE;ATT-SE;ATT-SI;ATT-TRU;ATT-UB;BI-FC;BI-SE;BI-UB;EE-FC;EE-SE;EE-UB;FC-PE;FC-SE;FC-SI;FC-TRU;FC-UB;PE-SE;PE-UB;SE-SI;SE-TRU;SE-UB;SI-UB;TRU-UB
S154,10,35,false,108.0,ANX-ATT;ANX-BI;ANX-EE;ANX-FC;ANX-PE;ANX-SE;ANX-SI;ANX-TRU;ANX-UB;ATT-BI;ATT-EE;ATT-FC;ATT-PE;ATT-SE;ATT-SI;ATT-TRU;ATT-UB;BI-FC;BI-SE;BI-SI;EE-FC;EE-SE;EE-SI;FC-PE;FC-SE;FC-SI;FC-TRU;FC-UB;PE-SE;PE-SI;SE-SI;SE-TRU;SE-UB;SI-TRU;SI-UB
S155,6,39,false,242.0,ANX-ATT;ANX-BI;ANX-EE;ANX-FC;ANX-PE;ANX-SE;ANX-SI;ANX-TRU;ANX-UB;ATT-BI;ATT-EE;ATT-FC;ATT-PE;ATT-SE;ATT-SI;ATT-TRU;ATT-UB;BI-FC;BI-SE;BI-SI;BI-UB;EE-FC;EE-SE;EE-SI;EE-UB;FC-PE;FC-SE;FC-SI;FC-TRU;FC-UB;PE-SE;PE-SI;PE-UB;SE-SI;SE-TRU;SE-UB;SI-TRU;SI-UB;TRU-UB
S156,10,35,false,305.0,ANX-ATT;ANX-BI;ANX-EE;ANX-FC;ANX-PE;ANX-SE;ANX-SI;ANX-TRU;ANX-UB;ATT-BI;ATT-EE;ATT-FC;ATT-PE;ATT-SE;ATT-SI;ATT-TRU;ATT-UB;BI-EE;BI-SE;BI-TRU;EE-FC;EE-PE;EE-SE;EE-SI;EE-TRU;EE-UB;FC-SE;FC-TRU;PE-SE;PE-TRU;SE-SI;SE-TRU;SE-UB;SI-TRU;TRU-UB
S157,21,24,false,633.0,ANX-ATT;ANX-BI;ANX-EE;ANX-FC;ANX-PE;ANX-SE;ANX-SI;ANX-TRU;ANX-UB;ATT-BI;ATT-EE;ATT-FC;ATT-PE;ATT-SE;ATT-SI;ATT-TRU;ATT-UB;BI-TRU;EE-TRU;FC-TRU;PE-TRU;SE-TRU;SI-TRU;TRU-UB
S159,10,35,false,483.0,ANX-ATT;ANX-BI;ANX-EE;ANX-FC;ANX-PE;ANX-SE;ANX-SI;ANX-TRU;ANX-UB;ATT-BI;ATT-EE;ATT-FC;ATT-PE;ATT-SE;ATT-SI;ATT-TRU;ATT-UB;BI-FC;BI-SE;BI-UB;EE-FC;EE-SE;EE-UB;FC-PE;FC-SE;FC-SI;FC-TRU;FC-UB;PE-SE;PE-UB;SE-SI;SE-TRU;SE-UB;SI-UB;TRU-UB
S160,6,39,false,351.0,ANX-ATT;ANX-BI;ANX-EE;ANX-FC;ANX-PE;ANX-SE;ANX-SI;ANX-TRU;ANX-UB;ATT-BI;ATT-EE;ATT-FC;ATT-PE;ATT-SE;ATT-SI;ATT-TRU;ATT-UB;BI-EE;BI-FC;BI-SI;BI-TRU;EE-FC;EE-PE;EE-SE;EE-SI;EE-TRU;EE-UB;FC-PE;FC-SE;FC-SI;FC-TRU;FC-UB;PE-SI;PE-TRU;SE-SI;SE-TRU;SI-TRU;SI-UB;TRU-UB
S161,10,35,false,315.0,ANX-ATT;ANX-BI;ANX-EE;ANX-FC;ANX-PE;ANX-SE;ANX-SI;ANX-TRU;ANX-UB;ATT-SE;ATT-SI;ATT-TRU;ATT-UB;BI-SE;BI-SI;BI-TRU;BI-UB;EE-SE;EE-SI;EE-TRU;EE-UB;FC-SE;FC-SI;FC-TRU;FC-UB;PE-SE;PE-SI;PE-TRU;PE-UB;SE-SI;SE-TRU;SE-UB;SI-TRU;SI-UB;TRU-UB
S162,15,30,false,156.0,ANX-FC;ANX-SE;ANX-SI;ANX-TRU;ATT-FC;ATT-SE;ATT-SI;ATT-TRU;BI-FC;BI-SE;BI-SI;BI-TRU;EE-FC;EE-SE;EE-SI;EE-TRU;FC-PE;FC-SE;FC-SI;FC-TRU;FC-UB;PE-SE;PE-SI;PE-TRU;SE-SI;SE-TRU;SE-UB;SI-TRU;SI-UB;TRU-UB
S163,16,29,false,300.0,ANX-ATT;ANX-BI;ANX-EE;ANX-FC;ANX-PE;ANX-SE;ANX-SI;ANX-TRU;ANX-UB;ATT-EE;ATT-FC;BI-EE;BI-FC;BI-UB;EE-FC;EE-PE;EE-SE;EE-SI;EE-TRU;EE-UB;FC-PE;FC-SE;FC-SI;FC-TRU;FC-UB;PE-UB;SE-UB;SI-UB;TRU-UB
S164,21,24,false,2078.0,ANX-ATT;ANX-BI;ANX-EE;ANX-FC;ANX-PE;ANX-SE;ANX-SI;ANX-TRU;ANX-UB;ATT-SE;ATT-TRU;BI-SE;BI-TRU;EE-SE;EE-TRU;FC-SE;FC-TRU;PE-SE;PE-TRU;SE-SI;SE-TRU;SE-UB;SI-TRU;TRU-UB
S165,15,30,false,362.0,ANX-ATT;ANX-BI;ANX-EE;ANX-FC;ANX-PE;ANX-SE;ANX-SI;ANX-TRU;ANX-UB;ATT-BI;ATT-EE;ATT-FC;ATT-PE;ATT-SE;ATT-SI;ATT-TRU;ATT-UB;BI-SE;BI-TRU;EE-SE;EE-TRU;FC-SE;FC-TRU;PE-SE;PE-TRU;SE-SI;SE-TRU;SE-UB;SI-TRU;TRU-UB
S166,5,40,false,104.0,ANX-ATT;ANX-BI;ANX-EE;ANX-FC;ANX-PE;ANX-SE;ANX-SI;ANX-TRU;ANX-UB;ATT-BI;ATT-EE;ATT-FC;ATT-PE;ATT-SE;ATT-SI;ATT-TRU;ATT-UB;BI-FC;BI-SE;BI-TRU;EE-FC;EE-PE;EE-SE;EE-SI;EE-TRU;EE-UB;FC-PE;FC-SE;FC-SI;FC-TRU;PE-SE;PE-SI;PE-TRU;PE-UB;SE-SI;SE-TRU;SE-UB;SI-TRU;SI-UB;TRU-UB
S167,3,42,false,458.0;509.0,ANX-ATT;ANX-BI;ANX-EE;ANX-FC;ANX-PE;ANX-SE;ANX-SI;ANX-TRU;ANX-UB;ATT-EE;ATT-FC;ATT-SE;ATT-SI;ATT-TRU;ATT-UB;BI-EE;BI-FC;BI-SE;BI-SI;BI-TRU;BI-UB;EE-FC;EE-PE;EE-SE;EE-SI;EE-TRU;EE-UB;FC-PE;FC-SE;FC-SI;FC-TRU;FC-UB;PE-SE;PE-SI;PE-TRU;PE-UB;SE-SI;SE-TRU;SE-UB;SI-TRU;SI-UB;TRU-UB
S168,6,39,false,534.0,ANX-ATT;ANX-BI;ANX-EE;ANX-FC;ANX-PE;ANX-SE;ANX-SI;ANX-TRU;ANX-UB;ATT-BI;ATT-EE;ATT-FC;ATT-PE;ATT-SE;ATT-SI;ATT-TRU;ATT-UB;BI-SE;BI-TRU;EE-FC;EE-PE;EE-SE;EE-SI;EE-TRU;EE-UB;FC-PE;FC-SE;FC-SI;FC-TRU;PE-SE;PE-SI;PE-TRU;PE-UB;SE-SI;SE-TRU;SE-UB;SI-TRU;SI-UB;TRU-UB
S169,10,35,false,250.0,ANX-ATT;ANX-BI;ANX-EE;ANX-FC;ANX-PE;ANX-SE;ANX-SI;ANX-TRU;ANX-UB;ATT-SE;ATT-SI;ATT-TRU;ATT-UB;BI-SE;BI-SI;BI-TRU;BI-UB;EE-SE;EE-SI;EE-TRU;EE-UB;FC-SE;FC-SI;FC-TRU;FC-UB;PE-SE;PE-SI;PE-TRU;PE-UB;SE-SI;SE-TRU;SE-UB;SI-TRU;SI-UB;TRU-UB
S170,5,40,false,90.0,ANX-ATT;ANX-BI;ANX-EE;ANX-FC;ANX-PE;ANX-SE;ANX-SI;ANX-TRU;ANX-UB;ATT-EE;ATT-FC;ATT-SE;ATT-TRU;ATT-UB;BI-EE;BI-FC;BI-SE;BI-TRU;BI-UB;EE-FC;EE-PE;EE-SE;EE-SI;EE-TRU;EE-UB;FC-PE;FC-SE;FC-SI;FC-TRU;FC-UB;PE-SE;PE-SI;PE-TRU;PE-UB;SE-SI;SE-TRU;SE-UB;SI-TRU;SI-UB;TRU-UB
S171,15,30,false,351.0,ANX-ATT;ANX-BI;ANX-EE;ANX-FC;ANX-PE;ANX-SE;ANX-SI;ANX-TRU;ANX-UB;ATT-SE;ATT-SI;ATT-TRU;BI-SE;BI-SI;BI-TRU;EE-SE;EE-SI;EE-TRU;FC-SE;FC-SI;FC-TRU;PE-SE;PE-SI;PE-TRU;SE-SI;SE-TRU;SE-UB;SI-TRU;SI-UB;TRU-UB
S172,6,39,false,330.0,ANX-ATT;ANX-BI;ANX-EE;ANX-FC;ANX-PE;ANX-SE;ANX-SI;ANX-TRU;ANX-UB;ATT-BI;ATT-EE;ATT-FC;ATT-PE;ATT-SE;ATT-SI;ATT-TRU;ATT-UB;BI-FC;BI-SE;BI-SI;BI-TRU;EE-FC;EE-SE;EE-SI;EE-TRU;FC-PE;FC-SE;FC-SI;FC-TRU;FC-UB;PE-SE;PE-SI;PE-TRU;SE-SI;SE-TRU;SE-UB;SI-TRU;SI-UB;TRU-UB
S173,21,24,false,306.0,ANX-ATT;ANX-BI;ANX-EE;ANX-FC;ANX-PE;ANX-SE;ANX-SI;ANX-TRU;ANX-UB;ATT-BI;ATT-EE;ATT-FC;ATT-PE;ATT-SE;ATT-SI;ATT-TRU;ATT-UB;BI-SE;EE-SE;FC-SE;PE-SE;SE-SI;SE-TRU;SE-UB
S174,10,35,false,1380.0,ANX-ATT;ANX-BI;ANX-EE;ANX-FC;ANX-PE;ANX-SE;ANX-SI;ANX-TRU;ANX-UB;ATT-BI;ATT-EE;ATT-FC;ATT-PE;ATT-SE;ATT-SI;ATT-TRU;ATT-UB;BI-FC;BI-SE;BI-SI;EE-FC;EE-SE;EE-SI;FC-PE;FC-SE;FC-SI;FC-TRU;FC-UB;PE-SE;PE-SI;SE-SI;SE-TRU;SE-UB;SI-TRU;SI-UB
S176,28,17,false,1214.0,ANX-ATT;ANX-BI;ANX-EE;ANX-FC;ANX-PE;ANX-SE;ANX-SI;ANX-TRU;ANX-UB;ATT-SE;BI-SE;EE-SE;FC-SE;PE-SE;SE-SI;SE-TRU;SE-UB
S177,3,42,false,283.0,ANX-ATT;ANX-BI;ANX-EE;ANX-FC;ANX-PE;ANX-SE;ANX-SI;ANX-TRU;ANX-UB;ATT-BI;ATT-EE;ATT-FC;ATT-PE;ATT-SE;ATT-SI;ATT-TRU;ATT-UB;BI-FC;BI-SE;BI-SI;BI-TRU;BI-UB;EE-FC;EE-SE;EE-SI;EE-TRU;EE-UB;FC-PE;FC-SE;FC-SI;FC-TRU;FC-UB;PE-SE;PE-SI;PE-TRU;PE-UB;SE-SI;SE-TRU;SE-UB;SI-TRU;SI-UB;TRU-UB
S178,10,35,false,529.0,ANX-ATT;ANX-BI;ANX-EE;ANX-FC;ANX-PE;ANX-SE;ANX-SI;ANX-TRU;ANX-UB;ATT-BI;ATT-EE;ATT-FC;ATT-PE;ATT-SE;ATT-SI;ATT-TRU;ATT-UB;BI-FC;BI-SE;BI-UB;EE-FC;EE-SE;EE-UB;FC-PE;FC-SE;FC-SI;FC-TRU;FC-UB;PE-SE;PE-UB;SE-SI;SE-TRU;SE-UB;SI-UB;TRU-UB
S179,5,40,false,543.0;928.0,ANX-ATT;ANX-BI;ANX-EE;ANX-FC;ANX-PE;ANX-SE;ANX-SI;ANX-TRU;ANX-UB;ATT-BI;ATT-EE;ATT-FC;ATT-PE;ATT-SE;ATT-SI;ATT-TRU;ATT-UB;BI-FC;BI-SE;BI-TRU;EE-FC;EE-PE;EE-SE;EE-SI;EE-TRU;EE-UB;FC-PE;FC-SE;FC-SI;FC-TRU;PE-SE;PE-SI;PE-TRU;PE-UB;SE-SI;SE-TRU;SE-UB;SI-TRU;SI-UB;TRU-UB
S179b,5,40,false,385.0,ANX-ATT;ANX-BI;ANX-EE;ANX-FC;ANX-PE;ANX-SE;ANX-SI;ANX-TRU;ANX-UB;ATT-BI;ATT-EE;ATT-FC;ATT-PE;ATT-SE;ATT-SI;ATT-TRU;ATT-UB;BI-FC;BI-SE;BI-TRU;EE-FC;EE-PE;EE-SE;EE-SI;EE-TRU;EE-UB;FC-PE;FC-SE;FC-SI;FC-TRU;PE-SE;PE-SI;PE-TRU;PE-UB;SE-SI;SE-TRU;SE-UB;SI-TRU;SI-UB;TRU-UB
S182,10,35,false,380.0,ANX-ATT;ANX-BI;ANX-EE;ANX-FC;ANX-PE;ANX-SE;ANX-SI;ANX-TRU;ANX-UB;ATT-BI;ATT-EE;ATT-FC;ATT-PE;ATT-SE;ATT-SI;ATT-TRU;ATT-UB;BI-SE;BI-TRU;BI-UB;EE-SE;EE-TRU;EE-UB;FC-SE;FC-TRU;FC-UB;PE-SE;PE-TRU;PE-UB;SE-SI;SE-TRU;SE-UB;SI-TRU;SI-UB;TRU-UB
S183,6,39,false,430.0,ANX-ATT;ANX-BI;ANX-EE;ANX-FC;ANX-PE;ANX-SE;ANX-SI;ANX-TRU;ANX-UB;ATT-BI;ATT-EE;ATT-FC;ATT-PE;ATT-SE;ATT-SI;ATT-TRU;ATT-UB;BI-EE;BI-FC;BI-PE;BI-SE;BI-SI;BI-TRU;BI-UB;EE-SE;EE-TRU;EE-UB;FC-SE;FC-TRU;FC-UB;PE-SE;PE-TRU;PE-UB;SE-SI;SE-TRU;SE-UB;SI-TRU;SI-UB;TRU-UB
S184,10,35,false,907.0,ANX-ATT;ANX-BI;ANX-EE;ANX-FC;ANX-PE;ANX-SE;ANX-SI;ANX-TRU;ANX-UB;ATT-BI;ATT-EE;ATT-FC;ATT-PE;ATT-SE;ATT-SI;ATT-TRU;ATT-UB;BI-EE;BI-PE;BI-TRU;EE-FC;EE-PE;EE-SE;EE-SI;EE-TRU;EE-UB;FC-PE;FC-TRU;PE-SE;PE-SI;PE-TRU;PE-UB;SE-TRU;SI-TRU;TRU-UB
S185,21,24,false,298.0,ANX-SE;ANX-TRU;ANX-UB;ATT-SE;ATT-TRU;ATT-UB;BI-SE;BI-TRU;BI-UB;EE-SE;EE-TRU;EE-UB;FC-SE;FC-TRU;FC-UB;PE-SE;PE-TRU;PE-UB;SE-SI;SE-TRU;SE-UB;SI-TRU;SI-UB;TRU-UB
S186,15,30,false,657.0,ANX-ATT;ANX-BI;ANX-EE;ANX-FC;ANX-PE;ANX-SE;ANX-SI;ANX-TRU;ANX-UB;ATT-BI;ATT-EE;ATT-FC;ATT-PE;ATT-SE;ATT-SI;ATT-TRU;ATT-UB;BI-SI;BI-TRU;EE-SI;EE-TRU;FC-SI;FC-TRU;PE-SI;PE-TRU;SE-SI;SE-TRU;SI-TRU;SI-UB;TRU-UB
S187,15,30,false,352.0,ANX-ATT;ANX-SE;ANX-TRU;ANX-UB;ATT-BI;ATT-EE;ATT-FC;ATT-PE;ATT-SE;ATT-SI;ATT-TRU;ATT-UB;BI-SE;BI-TRU;BI-UB;EE-SE;EE-TRU;EE-UB;FC-SE;FC-TRU;FC-UB;PE-SE;PE-TRU;PE-UB;SE-SI;SE-TRU;SE-UB;SI-TRU;SI-UB;TRU-UB
S188,15,30,false,147.0,ANX-ATT;ANX-BI;ANX-EE;ANX-FC;ANX-PE;ANX-SE;ANX-SI;ANX-TRU;ANX-UB;ATT-FC;ATT-SI;ATT-UB;BI-FC;BI-SI;BI-UB;EE-FC;EE-SI;EE-UB;FC-PE;FC-SE;FC-SI;FC-TRU;FC-UB;PE-SI;PE-UB;SE-SI;SE-UB;SI-TRU;SI-UB;TRU-UB
S189,6,39,false,236.0,ANX-ATT;ANX-BI;ANX-EE;ANX-FC;ANX-PE;ANX-SE;ANX-SI;ANX-TRU;ANX-UB;ATT-FC;ATT-SE;ATT-SI;ATT-TRU;ATT-UB;BI-FC;BI-SE;BI-SI;BI-TRU;BI-UB;EE-FC;EE-SE;EE-SI;EE-TRU;EE-UB;FC-PE;FC-SE;FC-SI;FC-TRU;FC-UB;PE-SE;PE-SI;PE-TRU;PE-UB;SE-SI;SE-TRU;SE-UB;SI-TRU;SI-UB;TRU-UB
S190,21,24,false,330.0,ANX-SE;ANX-TRU;ANX-UB;ATT-SE;ATT-TRU;ATT-UB;BI-SE;BI-TRU;BI-UB;EE-SE;EE-TRU;EE-UB;FC-SE;FC-TRU;FC-UB;PE-SE;PE-TRU;PE-UB;SE-SI;SE-TRU;SE-UB;SI-TRU;SI-UB;TRU-UB
S191,21,24,false,331.0,ANX-ATT;ANX-BI;ANX-EE;ANX-FC;ANX-PE;ANX-SE;ANX-SI;ANX-TRU;ANX-UB;ATT-BI;ATT-EE;ATT-FC;ATT-PE;ATT-SE;ATT-SI;ATT-TRU;ATT-UB;BI-TRU;EE-TRU;FC-TRU;PE-TRU;SE-TRU;SI-TRU;TRU-UB
S192,6,39,false,693.0,ANX-ATT;ANX-BI;ANX-EE;ANX-FC;ANX-PE;ANX-SE;ANX-SI;ANX-TRU;ANX-UB;ATT-EE;ATT-FC;ATT-PE;ATT-SE;ATT-SI;ATT-TRU;ATT-UB;BI-SE;BI-TRU;EE-FC;EE-PE;EE-SE;EE-SI;EE-TRU;EE-UB;FC-PE;FC-SE;FC-SI;FC-TRU;FC-UB;PE-SE;PE-SI;PE-TRU;PE-UB;SE-SI;SE-TRU;SE-UB;SI-TRU;SI-UB;TRU-UB
S193,15,30,false,186.0,ANX-ATT;ANX-BI;ANX-EE;ANX-FC;ANX-PE;ANX-SE;ANX-SI;ANX-TRU;ANX-UB;ATT-SE;ATT-TRU;ATT-UB;BI-SE;BI-TRU;BI-UB;EE-SE;EE-TRU;EE-UB;FC-SE;FC-TRU;FC-UB;PE-SE;PE-TRU;PE-UB;SE-SI;SE-TRU;SE-UB;SI-TRU;SI-UB;TRU-UB
S194,15,30,false,469.0,ANX-ATT;ANX-BI;ANX-EE;ANX-FC;ANX-PE;ANX-SE;ANX-SI;ANX-TRU;ANX-UB;ATT-BI;ATT-EE;ATT-FC;ATT-PE;ATT-SE;ATT-SI;ATT-TRU;ATT-UB;BI-SE;BI-TRU;EE-SE;EE-TRU;FC-SE;FC-TRU;PE-SE;PE-TRU;SE-SI;SE-TRU;SE-UB;SI-TRU;TRU-UB
S197,6,39,false,237.0,ANX-ATT;ANX-BI;ANX-EE;ANX-FC;ANX-PE;ANX-SE;ANX-SI;ANX-TRU;ANX-UB;ATT-BI;ATT-EE;ATT-FC;ATT-PE;ATT-SE;ATT-SI;ATT-TRU;ATT-UB;BI-FC;BI-SE;BI-SI;BI-UB;EE-FC;EE-SE;EE-SI;EE-UB;FC-PE;FC-SE;FC-SI;FC-TRU;FC-UB;PE-SE;PE-SI;PE-UB;SE-SI;SE-TRU;SE-UB;SI-TRU;SI-UB;TRU-UB
S198,15,30,false,520.0,ANX-ATT;ANX-BI;ANX-EE;ANX-FC;ANX-PE;ANX-SE;ANX-SI;ANX-TRU;ANX-UB;ATT-BI;ATT-EE;ATT-FC;ATT-PE;ATT-SE;ATT-SI;ATT-TRU;ATT-UB;BI-SE;BI-TRU;EE-SE;EE-TRU;FC-SE;FC-TRU;PE-SE;PE-TRU;SE-SI;SE-TRU;SE-UB;SI-TRU;TRU-UB
S199,15,30,false,197.0,ANX-ATT;ANX-BI;ANX-EE;ANX-FC;ANX-PE;ANX-SE;ANX-SI;ANX-TRU;ANX-UB;ATT-BI;ATT-EE;ATT-FC;ATT-PE;ATT-SE;ATT-SI;ATT-TRU;ATT-UB;BI-SE;BI-TRU;EE-SE;EE-TRU;FC-SE;FC-TRU;PE-SE;PE-TRU;SE-SI;SE-TRU;SE-UB;SI-TRU;TRU-UB
S200,15,30,false,431.0,ANX-ATT;ANX-BI;ANX-EE;ANX-FC;ANX-PE;ANX-SE;ANX-SI;ANX-TRU;ANX-UB;ATT-BI;ATT-EE;ATT-FC;ATT-PE;ATT-SE;ATT-SI;ATT-TRU;ATT-UB;BI-SE;BI-TRU;EE-SE;EE-TRU;FC-SE;FC-TRU;PE-SE;PE-TRU;SE-SI;SE-TRU;SE-UB;SI-TRU;TRU-UB
S201,10,35,false,238.0,ANX-ATT;ANX-BI;ANX-EE;ANX-FC;ANX-PE;ANX-SE;ANX-SI;ANX-TRU;ANX-UB;ATT-BI;ATT-EE;ATT-FC;ATT-PE;ATT-SE;ATT-SI;ATT-TRU;ATT-UB;BI-FC;BI-TRU;BI-UB;EE-FC;EE-TRU;EE-UB;FC-PE;FC-SE;FC-SI;FC-TRU;FC-UB;PE-TRU;PE-UB;SE-TRU;SE-UB;SI-TRU;SI-UB;TRU-UB
S203,10,35,false,251.0;303.0,ANX-ATT;ANX-BI;ANX-EE;ANX-FC;ANX-PE;ANX-SE;ANX-SI;ANX-TRU;ANX-UB;ATT-BI;ATT-EE;ATT-FC;ATT-PE;ATT-SE;ATT-SI;ATT-TRU;ATT-UB;BI-FC;BI-SI;BI-UB;EE-FC;EE-SI;EE-UB;FC-PE;FC-SE;FC-SI;FC-TRU;FC-UB;PE-SI;PE-UB;SE-SI;SE-UB;SI-TRU;SI-UB;TRU-UB
S205,10,35,false,136.0,ANX-ATT;ANX-BI;ANX-EE;ANX-FC;ANX-PE;ANX-SE;ANX-SI;ANX-TRU;ANX-UB;ATT-BI;ATT-EE;ATT-FC;ATT-PE;ATT-SE;ATT-SI;ATT-TRU;ATT-UB;BI-SE;BI-TRU;BI-UB;EE-SE;EE-TRU;EE-UB;FC-SE;FC-TRU;FC-UB;PE-SE;PE-TRU;PE-UB;SE-SI;SE-TRU;SE-UB;SI-TRU;SI-UB;TRU-UB
S207,6,39,false,880.0,ANX-ATT;ANX-BI;ANX-EE;ANX-FC;ANX-PE;ANX-SE;ANX-SI;ANX-TRU;ANX-UB;ATT-FC;ATT-SE;ATT-SI;ATT-TRU;ATT-UB;BI-FC;BI-SE;BI-SI;BI-TRU;BI-UB;EE-FC;EE-SE;EE-SI;EE-TRU;EE-UB;FC-PE;FC-SE;FC-SI;FC-TRU;FC-UB;PE-SE;PE-SI;PE-TRU;PE-UB;SE-SI;SE-TRU;SE-UB;SI-TRU;SI-UB;TRU-UB
S208,10,35,false,526.0,ANX-ATT;ANX-BI;ANX-EE;ANX-FC;ANX-PE;ANX-SE;ANX-SI;ANX-TRU;ANX-UB;ATT-BI;ATT-EE;ATT-FC;ATT-PE;ATT-SE;ATT-SI;ATT-TRU;ATT-UB;BI-FC;BI-SE;BI-UB;EE-FC;EE-SE;EE-UB;FC-PE;FC-SE;FC-SI;FC-TRU;FC-UB;PE-SE;PE-UB;SE-SI;SE-TRU;SE-UB;SI-UB;TRU-UB
S209,6,39,false,523.0,ANX-ATT;ANX-BI;ANX-EE;ANX-FC;ANX-PE;ANX-SE;ANX-SI;ANX-TRU;ANX-UB;ATT-FC;ATT-SE;ATT-SI;ATT-TRU;ATT-UB;BI-FC;BI-SE;BI-SI;BI-TRU;BI-UB;EE-FC;EE-SE;EE-SI;EE-TRU;EE-UB;FC-PE;FC-SE;FC-SI;FC-TRU;FC-UB;PE-SE;PE-SI;PE-TRU;PE-UB;SE-SI;SE-TRU;SE-UB;SI-TRU;SI-UB;TRU-UB
S210,6,39,false,400.0,ANX-ATT;ANX-BI;ANX-EE;ANX-FC;ANX-PE;ANX-SE;ANX-SI;ANX-TRU;ANX-UB;ATT-BI;ATT-EE;ATT-FC;ATT-PE;ATT-SE;ATT-SI;ATT-TRU;ATT-UB;BI-FC;BI-SI;BI-TRU;BI-UB;EE-FC;EE-SI;EE-TRU;EE-UB;FC-PE;FC-SE;FC-SI;FC-TRU;FC-UB;PE-SI;PE-TRU;PE-UB;SE-SI;SE-TRU;SE-UB;SI-TRU;SI-UB;TRU-UB
S212,8,37,false,465.0,ANX-ATT;ANX-BI;ANX-EE;ANX-FC;ANX-PE;ANX-SE;ANX-SI;ANX-TRU;ANX-UB;ATT-FC;ATT-SE;ATT-SI;ATT-TRU;BI-FC;BI-SE;BI-SI;BI-TRU;BI-UB;EE-FC;EE-SE;EE-SI;EE-TRU;FC-PE;FC-SE;FC-SI;FC-TRU;FC-UB;PE-SE;PE-SI;PE-TRU;PE-UB;SE-SI;SE-TRU;SE-UB;SI-TRU;SI-UB;TRU-UB
S213,3,42,false,473.0,ANX-ATT;ANX-BI;ANX-EE;ANX-FC;ANX-PE;ANX-SE;ANX-SI;ANX-TRU;ANX-UB;ATT-BI;ATT-EE;ATT-FC;ATT-PE;ATT-SE;ATT-SI;ATT-TRU;ATT-UB;BI-FC;BI-SE;BI-SI;BI-TRU;BI-UB;EE-FC;EE-SE;EE-SI;EE-TRU;EE-UB;FC-PE;FC-SE;FC-SI;FC-TRU;FC-UB;PE-SE;PE-SI;PE-TRU;PE-UB;SE-SI;SE-TRU;SE-UB;SI-TRU;SI-UB;TRU-UB
S214,21,24,false,1117.0,ANX-ATT;ANX-BI;ANX-EE;ANX-FC;ANX-PE;ANX-SE;ANX-SI;ANX-TRU;ANX-UB;ATT-SE;ATT-TRU;BI-SE;BI-TRU;EE-SE;EE-TRU;FC-SE;FC-TRU;PE-SE;PE-TRU;SE-SI;SE-TRU;SE-UB;SI-TRU;TRU-UB
S216,7,38,false,348.0,ANX-ATT;ANX-BI;ANX-FC;ANX-PE;ANX-SE;ANX-SI;ANX-TRU;ANX-UB;ATT-BI;ATT-EE;ATT-FC;ATT-PE;ATT-SE;ATT-SI;ATT-TRU;ATT-UB;BI-FC;BI-SE;BI-TRU;BI-UB;EE-FC;EE-SI;EE-TRU;EE-UB;FC-PE;FC-SE;FC-SI;FC-TRU;FC-UB;PE-SE;PE-TRU;PE-UB;SE-SI;SE-TRU;SE-UB;SI-TRU;SI-UB;TRU-UB
S217,10,35,false,344.0,ANX-ATT;ANX-BI;ANX-EE;ANX-FC;ANX-PE;ANX-SE;ANX-SI;ANX-TRU;ANX-UB;ATT-FC;ATT-SE;ATT-SI;ATT-UB;BI-FC;BI-SE;BI-SI;BI-UB;EE-FC;EE-SE;EE-SI;EE-UB;FC-PE;FC-SE;FC-SI;FC-TRU;FC-UB;PE-SE;PE-SI;PE-UB;SE-SI;SE-TRU;SE-UB;SI-TRU;SI-UB;TRU-UB
S218,7,38,false,242.0,ANX-ATT;ANX-BI;ANX-EE;ANX-FC;ANX-PE;ANX-SE;ANX-SI;ANX-TRU;ANX-UB;ATT-FC;ATT-SE;ATT-SI;ATT-TRU;ATT-UB;BI-FC;BI-SE;BI-SI;BI-TRU;BI-UB;EE-FC;EE-SE;EE-SI;EE-TRU;EE-UB;FC-PE;FC-SE;FC-SI;FC-TRU;FC-UB;PE-SE;PE-SI;PE-TRU;SE-SI;SE-TRU;SE-UB;SI-TRU;SI-UB;TRU-UB
S219,10,35,false,432.0,ANX-FC;ANX-SE;ANX-SI;ANX-TRU;ANX-UB;ATT-FC;ATT-SE;ATT-SI;ATT-TRU;ATT-UB;BI-FC;BI-SE;BI-SI;BI-TRU;BI-UB;EE-FC;EE-SE;EE-SI;EE-TRU;EE-UB;FC-PE;FC-SE;FC-SI;FC-TRU;FC-UB;PE-SE;PE-SI;PE-TRU;PE-UB;SE-SI;SE-TRU;SE-UB;SI-TRU;SI-UB;TRU-UB
S221,15,30,false,400.0,ANX-ATT;ANX-BI;ANX-EE;ANX-FC;ANX-PE;ANX-SE;ANX-SI;ANX-TRU;ANX-UB;ATT-BI;ATT-EE;ATT-FC;ATT-PE;ATT-SE;ATT-SI;ATT-TRU;ATT-UB;BI-SE;BI-TRU;EE-SE;EE-TRU;FC-SE;FC-TRU;PE-SE;PE-TRU;SE-SI;SE-TRU;SE-UB;SI-TRU;TRU-UB
S222,2,43,false,50.0,ANX-ATT;ANX-BI;ANX-EE;ANX-FC;ANX-PE;ANX-SE;ANX-SI;ANX-TRU;ANX-UB;ATT-BI;ATT-EE;ATT-FC;ATT-PE;ATT-SE;ATT-SI;ATT-TRU;ATT-UB;BI-FC;BI-SE;BI-SI;BI-TRU;BI-UB;EE-FC;EE-PE;EE-SE;EE-SI;EE-TRU;EE-UB;FC-PE;FC-SE;FC-SI;FC-TRU;FC-UB;PE-SE;PE-SI;PE-TRU;PE-UB;SE-SI;SE-TRU;SE-UB;SI-TRU;SI-UB;TRU-UB
S223,21,24,false,300.0,ANX-ATT;ANX-BI;ANX-EE;ANX-FC;ANX-PE;ANX-SE;ANX-SI;ANX-TRU;ANX-UB;ATT-BI;ATT-EE;ATT-FC;ATT-PE;ATT-SE;ATT-SI;ATT-TRU;ATT-UB;BI-SE;EE-SE;FC-SE;PE-SE;SE-SI;SE-TRU;SE-UB
S224,5,40,false,301.0,ANX-ATT;ANX-BI;ANX-EE;ANX-FC;ANX-PE;ANX-SE;ANX-SI;ANX-TRU;ANX-UB;ATT-BI;ATT-EE;ATT-FC;ATT-PE;ATT-SE;ATT-SI;ATT-TRU;ATT-UB;BI-SE;BI-TRU;EE-FC;EE-PE;EE-SE;EE-SI;EE-TRU;EE-UB;FC-PE;FC-SE;FC-SI;FC-TRU;FC-UB;PE-SE;PE-SI;PE-TRU;PE-UB;SE-SI;SE-TRU;SE-UB;SI-TRU;SI-UB;TRU-UB
S225,6,39,false,302.0,ANX-ATT;ANX-BI;ANX-EE;ANX-FC;ANX-PE;ANX-SE;ANX-SI;ANX-TRU;ANX-UB;ATT-BI;ATT-EE;ATT-FC;ATT-PE;ATT-SE;ATT-SI;ATT-TRU;ATT-UB;BI-SE;EE-FC;EE-PE;EE-SE;EE-SI;EE-TRU;EE-UB;FC-PE;FC-SE;FC-SI;FC-TRU;FC-UB;PE-SE;PE-SI;PE-TRU;PE-UB;SE-SI;SE-TRU;SE-UB;SI-TRU;SI-UB;TRU-UB
