file,sha256,bytes,row_or_line_count,package_role
data/04_extraction/04_reference_standard_freeze/full_corpus_reference_standard_frozen_20260609.csv,25a27991d41d64d8755951359939e622bb8dac603d947d29eca5f2cfc8327776,1526659,2043,frozen_package
data/04_extraction/04_reference_standard_freeze/full_corpus_reference_standard_study_status_frozen_20260609.csv,6300936f0443b8e00a1d5b203f5efc7dcc137e883274b8024ba4fcddff5de6b9,226962,213,frozen_package
data/04_extraction/04_reference_standard_freeze/full_corpus_reference_standard_freeze_caveat_register_20260609.csv,e4f40ee7d64e1e1d35b90f0d5c1ecebf46be8ec309e3c96169bc2417d993c58a,3362,8,frozen_package
data/04_extraction/04_reference_standard_freeze/full_corpus_reference_standard_freeze_authorization_20260609.md,a7ab500b179650738259b9916020daca26b2cc2d03d874278a650ada07d1c792,5093,94,frozen_package
data/04_extraction/04_reference_standard_freeze/post_freeze_corrections_full_corpus_20260609.md,74fbc08949129b5027b237a32e0d213e0fa4b7cbf544ea47ab6d4cd0a38b604d,391,11,frozen_package
data/04_extraction/04_reference_standard_freeze/full_corpus_reference_application_rows_draft_20260609.csv,fb661ccad9a3a0d63a3f6bdb2868bed0fff009693e49097e5e10ed1f8e15b26d,1150199,2043,supporting_application_qa
data/04_extraction/04_reference_standard_freeze/full_corpus_reference_application_study_status_20260609.csv,272d659861571ec05c7f8e57239f20ddbf95f5ec5925861a524f1ee84d46133c,169625,213,supporting_application_qa
data/04_extraction/04_reference_standard_freeze/full_corpus_reference_application_qa_findings_20260609.csv,75c5b12437a5ed886aa3108d2d7dd940e4a907646e4273706a6c898b880bd40e,3052,12,supporting_application_qa
data/04_extraction/04_reference_standard_freeze/full_corpus_reference_application_qa_summary_20260609.md,0923c50059836493d7c45b0b2a15e3cb93c9971f88b65ab5b606894ea9c94041,5360,109,supporting_application_qa
